sku,name,brand,category_hint,vehicle_make,vehicle_model,year,oem_cross_ref,replaced_by,price,stock,notes
REF0336,SPARK PLUG Renault Sandero 2017 Dayco,Dayco,spark_plug,Renault,Sandero,2017,A9617,,118517,27,
SKU-0018,Clutch Kit Renault Duster 2016 Purflux,Purflux,,Renault,Duster,,OEM 98100,,15008,,
SKU-0835,Battery Yamaha NMAX 2020,Mann,battery,Yamaha,NMAX,2020,,,50840,13,
REF0124,Engine Oil 5w-30 Mineral,TRW,,Yamaha,NMAX,,S2525,,15429.00,,
SKU-0454,BATERIA NMAX 2018,Hengst,battery,Yamaha,NMAX,2018,A7632,,10920.00,14,
SKU-0252,Sachs brake pad set Bajaj Pulsar 2014,Sachs,,Bajaj,Pulsar,2014,94020-53450,,9988,,
SKU-0507,Champion Lampara H4 Renault Sandero 2013,Champion,bulb,Renault,Sandero,2013,6215039,,35318,36,
SKU-0447,Fram DOT4,,brake_fluid,,Rio,,OEM 94342,,20814.00,26,
M-0645,FILTRO DE AIRE Toyota Corolla 2018 Fram,Fram,,,Corolla,2018,S1195,,239646,19,
SKU-0353,Pastillas de Freno Honda CB125 2020,Purflux,brake_pad,Honda,CB125,,,,28342,56,
SKU-0144,OEM Foco H4 Accent 2017,OEM,bulb,Hyundai,Accent,2017,2512639,,COP 67091,21,
P00561,Battery Duster 2021,Sachs,battery,,,2021,94035-52253,,84870.00,24,
P00260,Acumulador Bajaj Pulsar,SKF,,,Pulsar,2016,OEM 31514,,COP 318243,agotado,
SKU-0245,Denso Spark Plg Mazda 2 2015,Denso,spark_plug,,2,2015,6451240,,COP 21090,3,
REF0212,Brake Fluid Gates,Gates,,Hyundai,,2012,7645055,,10593,agotado,
P00254,Timing belt kit Mann,Mann,,Nissan,Sentra,2013,OEM 70321,,10972,27,
P00451,Clutch Nissan Versa,TRW,clutch_kit,,Versa,,6806823,,320385,42,
REF0185,Filtro de Aire Rio 2013,,,Kia,Rio,2013,OEM 60019,,$ 6795,53,
SKU-0623,Kit de Embrague,Wix,clutch_kit,Hyundai,,2019,S2402,,13512,39,
SKU-0108,Correa Distribucion Toyota Yaris 2014,Denso,timing_belt,Toyota,Yaris,2014,,,321739,13,
SKU-0613,A.Filter Nissan Versa 2019,Gates,air_filter,Nissan,Versa,2019,,,8139,0,
SKU-0624,Pastillas Mazda 3 2014,Dayco,brake_pad,Mazda,3,2014,6764231,,118022.00,31,
SKU-0312,Pastillass de Freno Bajaj Boxer 2015,Generic,brake_pad,Bajaj,Boxer,,94684-70977,,$ 119326,16,
M-0581,filtro a/c Versa,Brembo,cabin_filter,Nissan,Versa,2014,91488-36133,,COP 44092,,
SKU-0166,Cadena de Transmision Purflux,Purflux,,,GN125,2012,S5447,,35922,0,
REF0175,past. freno Chevrolet Aveo 2011 Champion,Champion,,Chevrolet,Aveo,2011,2909002,,85477.00,14,
P00201,engine oil 10w40 4L,Hengst,,Honda,CB125,2018,90845-67092,,$ 318426,5,
P00013,LUBRICANTE MOTOR 5w-30 4L Brembo,Brembo,engine_oil,Yamaha,FZ16,,W1691,,$238.400,49,
B-0181,FILTRO DE AIRE,Dayco,air_filter,Honda,CB125,2020,93163-46478,,$320.125,25,
SKU-0651,Shock Absorber Renault Duster 2016 Mann,Mann,shock,Renault,Duster,,S2439,,$ 46626,43,
REF0552,Wiper 2,Hengst,wiper,,,2019,5124639,,$ 29546,49,
B-0734,Bujiaa 2 2015,Mahle,,Mazda,2,,,,$240.216,23,
SKU-0040,Monroe Filtro de Combustible Logan 2014,Monroe,,,Logan,,,,$ 52907,0,
A-0812,FOCO h7 Volkswagen Gol 2014 TRW,TRW,bulb,Volkswagen,,2014,94971-74640,,$17.411,52,reemplazado por SKU-0811
SKU-0089,Drive Chain TRW,TRW,chain,Bajaj,Pulsar,2016,3477591,,$ 43166,few,
SKU-0247,TRW Filtro Aire Motor GN125,TRW,air_filter,,GN125,,OEM 45160,,COP 32698,46,
B-0659,Sprocket Yamaha FZ16 2017,SKF,,Yamaha,FZ16,2017,,,7595,17,
REF0228,FILTRO DE ACEITE Honda CB125 2018 Wix,,,Honda,CB125,2018,S4161,,$9.564,28,
SKU-0023,Correa de Distribucion Bosch,,timing_belt,,Yaris,2014,98240-80149,,$12.700,31,
SKU-0216,Correa Distribucion Hilux Denso,Denso,,Toyota,Hilux,2015,3998813,,COP 166576,4,
P00718,Filtro Polen Sandero Generic,,cabin_filter,Renault,Sandero,,OEM 55629,,165870.00,39,
SKU-0837,Sproket Honda CB125 2020,Denso,sprocket,,CB125,2020,97322-44060,,27193,31,
SKU-0726,Foco 9005 Volkswagenn Gol 2011,,,Volkswagen,,,,,10513,60,
SKU-0270,Brembo Air Filt Renault Logan 2014,,,Renault,,,W8111,,COP 165603,few,
C-0479,Bujias Sentra,Valeo,,Nissan,Sentra,,5281157,,$9.719,51,
SKU-0164,Aceite 5W30 Hengst,Hengst,engine_oil,,Sentra,2018,96422-96981,,239617.00,22,
P00754,Brake Pads Nissan Versa 2014 Dayco,Dayco,,Nissan,Versa,2014,91879-96126,,$20.515,34,
REF0099,Lampara H7 GN125 2018,Mahle,bulb,,GN125,2018,9199668,,COP 166507,31,
SKU-0120,bateria Yamaha NMAX 2022,Wix,,Yamaha,,2022,OEM 65763,,15060,,
SKU-0333,Hengst BATERIA 12V GN125,Hengst,,Suzuki,GN125,,93760-24111,,20913,8,
SKU-0593,BUJIA Toyota Yaris 2019 OEM,OEM,spark_plug,Toyota,Yaris,,B7573,,$86.569,23,
P00761,Brembo Amortiguador Delantero Renault Duster 2014,Brembo,shock,Renault,Duster,2014,OEM 60716,,21498,25,posible duplicado
SKU-0257,Amort. Mazda 3 2012 Denso,Denso,shock,Mazda,3,,96051-24993,,$ 34689,9,
P00478,Cabin Filter Kia Rio 2015 TRW,TRW,,Kia,Rio,2015,,,164789,0,
SKU-0508,Brake Fluid,Mahle,brake_fluid,Bajaj,Pulsar,,6386010,,$ 21245,36,
P00680,Liquido Refrigerante NKD125,Gates,coolant,AKT,NKD125,2015,6936053,,$22.578,41,
P00056,Valeo Correa accesorios Toyota Hilux,Valeo,,Toyota,,,B3608,,166747,22,
SKU-0762,Headlight Bulb H-7 NGK,NGK,,Yamaha,NMAX,2020,OEM 55587,,12376,54,posible duplicado
SKU-0045,NGK DOT4,NGK,,AKT,NKD125,2015,99385-91552,,$35.019,0,
P00566,Wiper Blade 2 2015 Hengst,Hengst,wiper,Mazda,,2015,2221396,,$ 21942,37,
C-0584,Balinera Nissan Sentra 2013,Generic,wheel_bearing,Nissan,Sentra,2013,W4518,,$16.954,12,
SKU-0087,KIT ARRASTRE Monroe,Monroe,,Yamaha,NMAX,2018,S3447,,$28.213,0,
M-0664,FILTRO DDE AIRE Kia Rio TRW,TRW,air_filter,Kia,Rio,2013,1266968,,$321.295,39,
SKU-0205,TRW Amortiguador 3,,shock,Mazda,3,,B7049,,241482,53,
REF0104,Denso Lubricante Motor SAE 5W-30 Sintetico,Denso,,Kia,Rio,2017,OEM 10512,,28128.00,43,
SKU-0004,Liquido Refrigerante,OEM,coolant,,NMAX,2022,OEM 99291,,319825,43,
SKU-0079,Filtro Aire Motor Versa Dayco,Dayco,air_filter,Nissan,Versa,2019,6406591,,COP 26748,52,
SKU-0662,Filtro Aire Motor Hilux 2015 SKF,SKF,,Toyota,Hilux,,6727884,,$12.929,agotado,
SKU-0285,Sachs Filtro de aceite motor AKT NKD125,Sachs,,AKT,,2019,,,12015,32,
SKU-0514,Liquido de Frenos Denso,Denso,brake_fluid,Honda,CB125,2020,OEM 45863,,319912,15,
B-0317,bombillo 9006,,,,GN125,2014,4405324,,319147.00,45,
SKU-0555,PINON SALIDA AKT NKD125 2017 OEM,OEM,sprocket,AKT,NKD125,2017,W2463,,166436,3,
SKU-0423,Plumilla Bosch,Bosch,,Nissan,,,96838-96071,,$164.981,25,
P00720,BUJIA Mazda 3 2018 OEM,OEM,spark_plug,Mazda,3,2018,S5275,,$8.269,55,
SKU-0717,AIR FILT Chevrolet Spark,NGK,,Chevrolet,Spark,2015,W8573,,46760,agotado,
SKU-0375,Wix Kit Clutch Corolla 2014,Wix,clutch_kit,Toyota,,2014,OEM 86298,,239204.00,3,
REF0308,Correa Unica Hilux Valeo,Valeo,serpentine_belt,,Hilux,2015,97122-64937,,$163.233,32,
SKU-0546,Dayco Oil Filt. Honda CB125 2018,,oil_filter,,,2018,99803-71046,,28239,60,
SKU-0198,Filtro Aire Motor Renault Sandero 2015,Sachs,air_filter,Renault,Sandero,,,,$163.335,19,
P00031,Generic Balinera Rio,Generic,wheel_bearing,Kia,,2015,,,$45.645,55,
SKU-0678,Coolant Concentrate,Valeo,,,Corolla,2013,94644-57714,,29006,24,
SKU-0487,NGK BEARING Nissan Versa 2016,NGK,,,Versa,2016,,,17233,31,
P00760,Correa Poly-V Toyota Yaris 2017 OEM,OEM,serpentine_belt,Toyota,Yaris,2017,90547-39936,,COP 27793,32,
P00643,Amortiguador Trasero Suzuki GN125 2014,Mann,,Suzuki,GN125,2014,S2288,,12391.00,,
SKU-0708,Valeo CORREA DISTRIBUCION Mazda 2 2019,Valeo,,Mazda,2,2019,,,66185,0,
REF0428,Bearing Sail Bossch,,wheel_bearing,Chevrolet,Sail,2017,,,238374,45,
SKU-0824,Wix FILTRO DE ACEITE MOTOR Bajaj Boxer 2017,Wix,oil_filter,Bajaj,Boxer,2017,,P00823,COP 68163,32,descontinuado
SKU-0041,Sprocket Honda XR150 2020 OEM,OEM,sprocket,,XR150,,OEM 34674,,32265,33,
SKU-0301,bujia de encendido,OEM,spark_plug,,,2015,2491609,,240412,agotado,
P00639,Lampara H4 12V 60/55W NMAX 2020,Wix,,Yamaha,,2020,A9403,,10094,3,
SKU-0117,Wheel Bearing Renault Logan 2016 Mann,Mann,wheel_bearing,,Logan,2016,5276260,,66294,49,
SKU-0071,Purflux Cadena Moto CB125 2014,Purflux,,Honda,CB125,,94333-64924,,23387,4,
SKU-0530,Headlight Bulb H1 Suzuki GN125 2016,Wix,bulb,,,,OEM 98336,,$ 85937,agotado,
SKU-0433,Correa Unica Spark,,,Chevrolet,Spark,2018,S4216,,8898.00,38,
REF0663,Balinera Mazda 2 2015,Monroe,,Mazda,2,2015,,,COP 320595,58,
SKU-0535,chain kit Pulsar Monroe,Monroe,chain,,Pulsar,2020,OEM 65696,,318829,,
P00405,FILTRO DE AIRE Yamaha FZ16 2015 Hengst,Hengst,air_filter,,FZ16,,94347-97378,,$ 84043,20,
REF0420,brake fluid Monroe,Monroe,brake_fluid,Toyota,Yaris,2017,,,$120.268,54,
P00235,Air Filt Aveo 2009,SKF,,Chevrolet,,2009,91340-14510,,COP 21902,6,
SKU-0681,FUEL FILTER Mazda 3 2018,Brembo,fuel_filter,,3,2018,A5872,,$ 239807,33,
P00583,Filtro de Aire,OEM,air_filter,Honda,XR150,2018,7178004,,32912.00,6,
M-0429,Liquido Frenos,TRW,brake_fluid,,Sail,2017,96245-56046,,$ 319775,49,
P00772,Clutch Kit Hyundai Accent,Generic,clutch_kit,Hyundai,Accent,2012,W5335,,COP 120525,45,rev
SKU-0141,Foco H-7 Yamaha NMAX 2018 Mann,Mann,bulb,,NMAX,2018,95725-38198,,$ 321962,5,
B-0622,Bujia de encendido FZ16 2013 Denso,Denso,spark_plug,Yamaha,FZ16,2013,4453755,,$ 241257,55,
SKU-0318,Filtro A/C Hilux 2015,Bosch,cabin_filter,Toyota,Hilux,,5988851,,238480,51,
P00334,Denso Foco 9006 Volkswagen Gol 2014,,bulb,Volkswagen,,,3188036,,85769.00,31,
SKU-0182,Drivve Chain CB125 2014 Wix,,chain,Honda,,2014,OEM 83345,,51984.00,1,
REF0614,Bujias Honda CB125 Gates,,spark_plug,Honda,,2014,91661-34078,,$120.363,19,
SKU-0689,Wix Spark Plg Yamaha FZ16 2013,,spark_plug,Yamaha,FZ16,2013,,,11451.00,38,
B-0695,Filtro de Aire Mazda 3 2018 Wix,Wix,air_filter,,3,2018,4735533,,$ 9477,53,
SKU-0119,Disco Freno Spark 2018 SKF,SKF,brake_disc,Chevrolet,,,,,10370,47,
SKU-0100,Coolant CB125 TRW,TRW,,Honda,,2014,,,29461,34,
SKU-0078,Wix Filtro Aire 3,Wix,air_filter,,,2012,OEM 20443,,44274,56,
SKU-0053,Bosch Coolant,Bosch,coolant,Yamaha,,,B8386,,COP 10260,51,
P00062,Oil Filt. 3 2016 NGK,NGK,,Mazda,3,2016,95709-86228,,34137,43,
REF0711,Fram Liquido de Frenos,Fram,brake_fluid,Toyota,,2018,W4821,,318519,22,
P00721,Rodamiento rueda Hyundai Accent 2017 SKF,SKF,wheel_bearing,Hyundai,Accent,2017,S4728,,29113,9,
C-0325,ACEITE MOTOR 5W-30 4L,Denso,,Honda,,2020,OEM 53428,,COP 118029,46,
SKU-0092,Timing Belt Nissan Versa 2019,Monroe,,,,2019,A6110,,28774.00,,
REF0322,LUBRICANTE MOTOR 10W40 x1L NMAX Hengst,Hengst,engine_oil,Yamaha,,2020,2489608,,COP 33406,30,
SKU-0463,Mahle Aceite de Motor 20W-50 Sintetico Sentra,Mahle,,Nissan,Sentra,,A8292,,$319.953,2,
B-0838,piñon CB125 2018 SKF,SKF,sprocket,Honda,CB125,2018,OEM 11541,,COP 17201,2,reemplazado por SKU-0837
SKU-0657,Sprocket Brembo,Brembo,,Honda,XR150,2018,90815-73065,,10238,2,
REF0365,kit de croche Gol NGK,NGK,clutch_kit,Volkswagen,Gol,2016,OEM 95981,,9267,,
SKU-0279,Purflux Lampara H1 Nissan Sentra,Purflux,,Nissan,,,OEM 39313,,321327,20,
P00650,Bosch FILTRO DE ACEITE Renault Duster 2019,Bosch,,Renault,,2019,,,$ 69025,35,
SKU-0641,Brake Pads Bosch,Bosch,,Mazda,2,2019,S2994,,$ 121600,57,
C-0276,Brake Fluid Generic,Generic,brake_fluid,Renault,Duster,2014,S8620,,30375.00,14,
SKU-0105,Bujias GN125 2016,OEM,,Suzuki,,,S8659,,84763.00,,
SKU-0292,FILTRO DE ACEITE Mazda 2 2015 Gates,Gates,oil_filter,,2,,93508-67245,,33820,41,
A-0084,BRAKE DISC Mazda 2 2015,Fram,brake_disc,Mazda,2,,4771752,,$ 13917,12,
SKU-0817,Refrigerante,Bosch,,,GN125,2016,OEM 11893,,23282,30,
B-0600,Pastillas Freno Sail 2015 Hengst,Hengst,,Chevrolet,Sail,2015,4257618,,$83.439,agotado,
P00230,Denso Filtro Aceite CB125 2016,Denso,oil_filter,Honda,CB125,,,,COP 8961,33,
REF0627,TRW Past. Freno Versa,TRW,brake_pad,Nissan,,,S7024,,10248,2,
SKU-0603,Air Filt Rio 2020,Gates,,,Rio,,6650105,,44991,9,
REF0188,FILTRO DE GASOLINA Corolla,Mahle,fuel_filter,Toyota,Corolla,,6129730,,33565,42,
P00723,Bearing Renault Logan,,,,Logan,,96684-52442,,10520,33,
SKU-0082,F.Filter Sandero 2017 Monroe,Monroe,,Renault,Sandero,2017,B1730,,$ 51532,30,
M-0348,Anticongelante,Fram,,Renault,Sandero,2019,W5894,,$12.004,,
SKU-0794,Sachs Fluido de Frenos NKD125,,,AKT,NKD125,2015,6233992,P00793,16537,31,descontinuado
P00240,Chain Kit NMAX 2020 Valeo,Valeo,chain,Yamaha,NMAX,,A5381,,COP 86606,44,
SKU-0180,O.FILTER Toyota Yaris,Dayco,,Toyota,Yaris,2014,92870-56564,,46682,50,
SKU-0791,Bateria 12V Toyota Corolla 2016 Valeo,Valeo,battery,,Corolla,2016,1915668,,$33.998,7,rev
REF0248,Brembo brake disc Accent 2014,Brembo,,,Accent,,A3506,,10080,38,
SKU-0457,Gates rodamiento de rueda Hyundai Accent 2014,Gates,,Hyundai,Accent,2014,8295943,,$44.102,31,
SKU-0011,Foco H7 Yaris Monroe,Monroe,bulb,,Yaris,2017,3675311,,66536,47,
P00707,F.Filter Volkswagen Gol 2014,Mann,fuel_filter,Volkswagen,Gol,2014,1460492,,120416.00,11,
P00752,Generic Filtro Ac. Pulsar,Generic,oil_filter,Bajaj,,2020,98608-63835,,$321.577,15,
C-0549,Brembo Correa Distribucion Mazda 2 2017,Brembo,,,2,2017,,,$ 51109,47,
SKU-0602,Gates Filtro Combustible 3 2012,Gates,,Mazda,,,OEM 99441,,164907,4,
P00598,Spark Plug Yamaha NMAX 2020,Mahle,spark_plug,,NMAX,2020,8249693,,$ 118081,8,
P00373,AMORTIGUADOR DELANTERO Kia Rio 2013 TRW,TRW,shock,,Rio,,W2373,,COP 238299,39,
SKU-0332,Purflux Serpentine Belt Kia Rio 2015,Purflux,serpentine_belt,,Rio,2015,,,COP 20011,35,
SKU-0086,Batería Hyundai Accent 2019 Mann,Mann,battery,Hyundai,Accent,2019,92571-38908,,COP 13825,48,
A-0740,KIT DE EMBRAGUE Versa 2014 Wix,Wix,clutch_kit,Nissan,Versa,2014,S7522,,$ 23608,,
SKU-0378,Monroe Aceite de Motor 20W-50,Monroe,,Toyota,Corolla,,,,$238.307,3,
SKU-0476,SPROCKET Suzuki GN125 2014,NGK,,,GN125,2014,7342019,,20214,48,
SKU-0097,Brembo amort. Honda CB125 2014,,shock,Honda,CB125,2014,,,COP 22246,36,
SKU-0342,Wiper Chevrolet Sail Brembo,Brembo,wiper,Chevrolet,Sail,2017,98883-26606,,$ 10458,41,
P00395,Bateria Volkswagen Gol 2011 Fram,Fram,,Volkswagen,,,99757-15596,,$86.294,40,
SKU-0221,Air Filter Toyota Hilux,NGK,,,,2020,96944-27858,,85816,27,
SKU-0357,Disco Renault Logan 2018 Purflux,Purflux,,Renault,Logan,2018,,,$ 8879,,
SKU-0450,Fram O.Filter Bajaj Boxer,Fram,,Bajaj,Boxer,2015,96025-86926,,$50.497,7,
SKU-0539,Brembo Brake FFluid 2,Brembo,,Mazda,2,2015,,,164053,37,
REF0137,Disco de Freno Toyota Corolla Dayco,Dayco,,Toyota,,2018,91072-94601,,$ 45761,,
REF0497,Oil Filt. Spark 2010 Champion,Champion,oil_filter,Chevrolet,Spark,2010,,,13763,33,
SKU-0490,Mann Aceite 5W30 3,Mann,engine_oil,Mazda,3,2014,OEM 25841,,69176,24,
REF0446,Fram Filtro de Aceite,,,AKT,NKD125,2017,92707-28324,,COP 120690,19,
SKU-0208,BRAKE PAD SET Kia Rio 2017 Monroe,Monroe,brake_pad,Kia,Rio,2017,OEM 22231,,$320.717,1,
P00531,Hengst Filtro Ac. Mazda 3 2016,Hengst,,,3,2016,94614-87708,,$86.486,0,
SKU-0330,CHAIN KIT Gates,Gates,chain,Bajaj,Pulsar,,95673-64576,,10367,,
SKU-0742,Purflux Air Filt Nissan Versa,Purflux,air_filter,Nissan,,2019,4983378,,321114,57,
P00629,Bombilla H4 Bajaj Boxer 2017 Denso,Denso,bulb,Bajaj,Boxer,2017,8149728,,$ 163946,42,
SKU-0816,OEM PASTILLAS FRENO,OEM,brake_pad,,Gol,,92918-73462,B-0815,46911,,descontinuado
SKU-0500,BATERIA Kia Rio,Generic,battery,,Rio,,6353041,,44772,42,
REF0522,Liq. Frenos,Denso,,Bajaj,,,1882364,,240599,6,
SKU-0338,Hengst Plumilla Aveo,Hengst,wiper,,Aveo,2009,91189-67908,,321217,8,
REF0846,Bujia NGK CB125 iridium,Monroe,,,,,S3298,,$28.139,44,ojo: variante
A-0449,Bujía Versa 2014,Wix,spark_plug,Nissan,Versa,2014,OEM 17260,,$239.129,39,
SKU-0636,Clutch 3 Mahle,Mahle,,Mazda,3,2014,,,22081,few,
SKU-0609,Brake Fluid,Valeo,,Yamaha,FZ16,2015,,,240895,49,
REF0470,ACEITE DE MOTOR 10w40 Sintetico Valeo,Valeo,,Renault,Sandero,2019,,,67816.00,agotado,
SKU-0161,ENGINE OIL 20W-50 4L,SKF,engine_oil,Chevrolet,,2018,W6604,,13320.00,12,
P00738,Bosch filtro ac. XR150 2020,Bosch,,Honda,XR150,,97980-48855,,241216,41,
SKU-0024,Champion Filtro de Aire,Champion,air_filter,Bajaj,Pulsar,,W5160,,COP 121044,9,
C-0804,limpiaparabrisas Purflux,Purflux,,Renault,Duster,,,SKU-0803,$ 7151,59,descontinuado
SKU-0798,Bujia de encendido AKT NKD125 2015,Bosch,,AKT,NKD125,2015,B2202,M-0797,$66.824,few,descontinuado
A-0070,Brake Pads,Monroe,,,Sentra,2013,OEM 28708,,318956,51,
SKU-0730,Aceite 15W-40 x1L,Denso,engine_oil,Yamaha,FZ16,2019,W1580,,$ 318713,46,
P00782,DOT4 XR150 OEM,OEM,brake_fluid,Honda,,,5888507,,$321.239,42,rev
P00684,Escobilla Yaris 2017 Mahle,Mahle,,Toyota,Yaris,2017,2907711,,241489,few,
SKU-0521,Wix filtro gasolina Yaris 2017,,fuel_filter,Toyota,Yaris,2017,B2824,,165028.00,0,
SKU-0309,Wix A.Filter Mazda 2 2017,Wix,air_filter,Mazda,2,2017,2992234,,$68.190,14,
SKU-0790,Serpentine Belt Rio 2015,Hengst,,,Rio,2015,,,15541.00,27,
SKU-0485,Wiper Mazda 3 2014,Dayco,wiper,Mazda,3,2014,,,27185,18,
REF0691,Bujia Suzuki GN125 2012 Denso,Denso,,Suzuki,GN125,,,,29376,1,
SKU-0242,bombillo H1 Bajaj Pulsar 2016,OEM,,Bajaj,Pulsar,2016,93869-65399,,$ 14869,,
P00615,Mahle Fluido de Frenos,Mahle,brake_fluid,,,2020,A6260,,26743,33,
SKU-0273,A.Filter Yamaha FZ16 2017 Brembo,Brembo,,,FZ16,2017,99188-12183,,43334,59,
SKU-0619,FILTRO POLEN Toyota Yaris SKF,SKF,,Toyota,,,OEM 51919,,32061,4,
REF0173,Pastillas Yamaha NMAX,OEM,,Yamaha,NMAX,,,,$ 46447,22,
SKU-0280,Pastillas de Freno AKT NKD125 2017,Bosch,,AKT,,,,,$85.731,19,
REF0374,DOT4 Fram,Fram,brake_fluid,Hyundai,Accent,,A9345,,23916,30,
SKU-0107,Denso PASTILLAS FRENO Yamaha FZ16,Denso,brake_pad,,FZ16,2015,OEM 39019,,44266,2,
P00149,Fram Bujias Nissan Versa 2014,Fram,,Nissan,Versa,2014,,,44939,,
REF0458,Gates Kit Clutch Toyota Yaris 2014,,clutch_kit,Toyota,Yaris,2014,OEM 83410,,$7.755,4,
A-0058,Wix Filtro de Aceite Toyota Hilux 2012,Wix,oil_filter,Toyota,Hilux,,A1554,,10388.00,41,
SKU-0372,aceite 15W40 x1L Mahle,Mahle,engine_oil,,Duster,,,,COP 45603,30,
SKU-0206,Pinon Salida FZ16 NGK,NGK,sprocket,,FZ16,,A1392,,$ 10337,10,
B-0213,AIR FILT Toyota Hilux 2015 SKF,SKF,air_filter,Toyota,Hilux,2015,S2916,,$ 11063,47,
B-0676,Fuel Filter Versa 2019,Champion,fuel_filter,Nissan,Versa,,2996618,,$ 22614,agotado,
SKU-0341,Foco H4 12V 60/55W AKT NKD125 2015 Hengst,,bulb,AKT,NKD125,,B7894,,43979,0,
P00026,Bujia Toyota Yaris 2014 Hengst,Hengst,,Toyota,Yaris,2014,,,7151,29,
SKU-0159,Fram Shock Absorber Chevrolet Sail,Fram,,Chevrolet,Sail,,,,$20.671,,
REF0262,Amortiguador Trasero Yamaha NMAX 2018,Mahle,shock,Yamaha,NMAX,2018,94690-39839,,$ 26874,31,
P00658,Aceite Motor 15W40 Sintetico,Dayco,engine_oil,Nissan,Sentra,,99721-75754,,44220,42,
SKU-0741,Anticongelante 2 Champion,Champion,coolant,Mazda,2,2019,4291838,,22420,19,
A-0462,OEM Lampara H11 Logan 2012,OEM,bulb,Renault,Logan,2012,90798-60419,,35913,44,
M-0616,FILTRO DE ACEITE Toyota Hilux 2016 Monroe,Monroe,oil_filter,,Hilux,,9659910,,163882,39,
SKU-0380,Escobilla 2 2017 SKF,SKF,wiper,,,2017,92195-59028,,COP 241120,39,
P00239,liquido refrigerante,OEM,,,Logan,2014,A5697,,COP 10791,1,
SKU-0729,Mann Amort. 2 2019,Mann,shock,Mazda,2,2019,,,$163.701,few,
SKU-0605,Mann Banda de Distribucion Kia Rio 2015,Mann,,,,,,,$22.686,36,
SKU-0167,Bearing Sentra 2015,,wheel_bearing,,Sentra,2015,6809091,,COP 12263,43,
REF0847,Filtro de Aire Logan 1.6,Wix,,,,,4384706,,$10.242,30,ojo: variante
SKU-0833,Mann Anticongelante,Mann,coolant,Mazda,3,2016,OEM 45251,,$ 34354,44,
SKU-0529,OEM Filttro Aire Hilux 2015,OEM,air_filter,Toyota,,2015,OEM 69203,,$ 9704,11,
SKU-0194,Acumulador Honda CB125 2018,Dayco,,,CB125,,,,238123,few,
SKU-0261,Filtro de Aire Valeo,,air_filter,Chevrolet,Aveo,,6732582,,7039,,
B-0518,NGK Coolant Concentrate,NGK,,Chevrolet,Aveo,,,,20562,28,
B-0777,cabin filter 2 2019 Brembo,Brembo,cabin_filter,Mazda,2,,OEM 86667,,$ 163204,agotado,
P00193,PAST. FRENO Bajaj Boxer 2015,Gates,brake_pad,,,,96275-43284,,$118.364,5,
SKU-0256,Disco de Freno Volkswagen Gol 2014 OEM,OEM,,Volkswagen,Gol,,91490-34093,,$32.019,19,
REF0453,Coolant Concentrate Bosch,Bosch,coolant,Nissan,Versa,2014,,,29667,55,
A-0551,A.Filter Sail 2019 Valeo,Valeo,,Chevrolet,Sail,2019,93034-65312,,85668.00,58,
SKU-0146,Monroe A.Filter Nissan Versa 2016,Monroe,air_filter,Nissan,Versa,2016,7404611,,52846,47,
B-0430,Aceite Motor 5W-30 Sintetico Yaris,Hengst,engine_oil,Toyota,Yaris,2014,,,52567,56,
P00780,Brembo lubricante motor SAE 5W-30,Brembo,engine_oil,Mazda,2,2017,2377829,,7521.00,agotado,posible duplicado
SKU-0223,Coolant Brembo,Brembo,coolant,Toyota,Corolla,,,,$34.532,41,
P00010,Shock Absorber Hyundai Accent 2017 Dayco,Dayco,shock,Hyundai,Accent,2017,91964-60926,,240914.00,12,
SKU-0410,Purflux Lampara H4 Yamaha NMAX 2020,,,Yamaha,NMAX,2020,OEM 55722,,21036,49,
SKU-0586,Filtro de Aire Renault Logan 2014 Wix,Wix,air_filter,Renault,Logan,2014,A7191,,$ 20502,20,
SKU-0315,Brake Disc Nissan Versa 2016,Mahle,,Nissan,Versa,2016,W5292,,164796,38,
M-0685,Brembo Amort.,Brembo,,Toyota,Yaris,2014,OEM 17916,,$7.130,16,
REF0215,Champion FILTRO AIRE Corolla,Champion,air_filter,Toyota,Corolla,2017,6513570,,44163,59,
SKU-0300,Hengst Filtro Ac. Yamaha FZ16 2019,Hengst,oil_filter,Yamaha,FZ16,2019,5797956,,166130,52,
SKU-0156,Brembo filtro de gasolinna Renault Logan 2014,Brembo,fuel_filter,Renault,Logan,,1886818,,$ 240033,13,
P00610,Braake Pad Set Bajaj Pulsar 2020,Sachs,brake_pad,Bajaj,Pulsar,2020,S7781,,$320.374,few,
A-0408,Dayco amort. Suzuki GN125 2012,Dayco,shock,Suzuki,GN125,,,,$29.394,25,
SKU-0067,Cabin Air Filter Hyundai Accent 2014,OEM,cabin_filter,Hyundai,Accent,2014,95824-93567,,7534,1,
C-0210,Coolant,Wix,coolant,Bajaj,Pulsar,2016,1440819,,66968,57,
SKU-0843,Amortiguador Duster Delantero,Denso,,,,,94600-68351,,46009,39,ojo: variante
REF0444,Gates ACEITE MOTOR 10w40,Gates,,Yamaha,NMAX,2020,W3049,,COP 69875,21,
SKU-0326,DOT4,Bosch,,Chevrolet,Aveo,,,,$118.320,55,
SKU-0709,Pastillas de Freno Kia Rio 2013,Denso,brake_pad,Kia,,2013,OEM 46050,,COP 15388,1,
REF0714,Valeo Kit Cadena XR150 2016,Valeo,,Honda,,2016,4964492,,$ 44279,51,
P00130,Battery XR150,Wix,battery,Honda,,2020,8628202,,35662,23,
SKU-0102,Acumulador Suzuki GN125 2016,SKF,,Suzuki,GN125,,98605-40051,,11677,36,
SKU-0172,Filtro Aire Motor Aveo,Valeo,air_filter,Chevrolet,Aveo,,90677-79756,,$320.859,24,
SKU-0703,Past. Freno Suzuki GN125 2018,Sachs,brake_pad,Suzuki,,2018,A1315,,17507,18,
REF0016,Bosch Fluido de Frenos,,brake_fluid,,Boxer,,1916838,,15007.00,55,
SKU-0611,LIMPIAPARABRISAS Mazda 3 2014 Hengst,Hengst,wiper,Mazda,3,2014,OEM 95655,,$320.330,15,
SKU-0132,Kit de Embrague Toyota Yaris 2017 Sachs,Sachs,,Toyota,Yaris,2017,OEM 94946,,10805,,
REF0291,Foco H-7 Yamaha NMAX 2022 SKF,SKF,,Yamaha,,2022,92059-42355,,52718,41,
B-0162,cadena NKD125 2015 Mahle,Mahle,,AKT,NKD125,2015,,,$8.537,5,
SKU-0540,Aceite 5W-30 x1L Monroe,Monroe,engine_oil,Toyota,,,5533634,,45259,3,
M-0820,Gates Aceite 5W30 Mineral,Gates,,Bajaj,Pulsar,,OEM 99631,P00819,119341.00,3,descontinuado
SKU-0732,Acumulador Nissan Versa,Generic,battery,,Versa,,W4926,,$ 14770,8,
REF0032,Filtro de aceite motor Aveo 2016 Mahle,Mahle,oil_filter,Chevrolet,Aveo,,A8492,,12258.00,,
SKU-0268,Air Filter Renault Logan Champion,Champion,,,Logan,2014,A2875,,35070,50,
SKU-0544,NGK Correa de Distribucion Chevrolet Aveo 2011,NGK,,Chevrolet,Aveo,2011,W1805,,28464,48,
SKU-0671,BATERIA Mazda 2 2017 Mahle,Mahle,battery,Mazda,2,2017,B8735,,69259,3,
SKU-0225,Liq. Frenos,Gates,brake_fluid,AKT,NKD125,2017,,,45538,43,
SKU-0821,F.FILTER Nissan Versa 2019,Mahle,,Nissan,Versa,2019,,,85520,25,
P00417,Aceeite Motor 5W-30 Logan,Generic,engine_oil,Renault,Logan,2012,6208501,,30274,46,
SKU-0246,CLUTCH KIT Toyota Yaris 2014 Wix,Wix,,,Yaris,2014,,,$ 26759,31,
SKU-0036,Filtro Aire Motor Sail,Monroe,air_filter,Chevrolet,,2017,,,$ 319531,7,
B-0009,Correa Poly-V 3 Denso,Denso,serpentine_belt,Mazda,3,2016,1129294,,$239.144,few,
P00400,FILTRO DE ACEITE Bajaj Boxer Valeo,Valeo,oil_filter,Bajaj,Boxer,,7764171,,COP 163593,50,
SKU-0494,Liq. Frenos Yaris Mann,Mann,brake_fluid,,,2019,8832133,,27886,49,
P00768,Denso Cadena Moto Bajaj Boxer 2013,Denso,chain,,Boxer,2013,,,$ 29799,60,
P00259,Brake Pads Boxer 2017 Monroe,Monroe,,Bajaj,,2017,W5758,,68188,40,
SKU-0660,Correa de tiempo Sandero 2015 Mahle,Mahle,timing_belt,Renault,Sandero,2015,,,$46.604,24,
P00402,Bulb H-7 Hilux,Mahle,bulb,,,2012,OEM 71140,,164053,60,
P00448,Brake Rotor Volkkswagen Gol 2016,Monroe,brake_disc,Volkswagen,Gol,2016,7573475,,$50.214,26,
REF0745,Mahle Pinon Boxer 2013,Mahle,sprocket,Bajaj,Boxer,2013,,,COP 28825,45,
SKU-0637,Fram Lampara H4 12V 60/55W Honda CB125 2018,Fram,bulb,Honda,CB125,2018,3589239,,86391,39,
SKU-0293,Battery 2 2015,,battery,Mazda,,2015,97883-60119,,$ 321438,42,
B-0090,brake pad set Sail 2015,Generic,brake_pad,Chevrolet,Sail,2015,A2076,,$166.001,59,
REF0653,FILTRO DE AIRE FZ16 2017 OEM,OEM,,Yamaha,FZ16,2017,,,$33.157,28,
P00766,amortiguador delantero Renault Sandero 2013,Hengst,shock,Renault,Sandero,2013,,,27017,42,posible duplicado
SKU-0362,Filtro de gasolina NGK,NGK,,Chevrolet,Sail,,OEM 90967,,$ 53588,21,
P00103,PASTILLAS DE FRENO Logan 2018,TRW,,Renault,Logan,2018,OEM 33014,,$ 12686,53,
SKU-0440,Filtro Aire Motor Toyota Yaris 2014 Gates,Gates,air_filter,Toyota,,2014,6195864,,318232,11,
B-0840,Past. Freno Nissan Sentra 2018 Denso,Denso,,Nissan,Sentra,,OEM 46933,,84623,42,reemplazado por SKU-0839
REF0015,SKF a.filter XR150,SKF,,Honda,XR150,2016,B8070,,67654,few,
SKU-0255,O.Filter Renault Sandero Mann,,oil_filter,Renault,Sandero,2017,,,50055,15,
P00471,Cabin Filter Nissan Sentra 2018,Generic,cabin_filter,Nissan,Sentra,,8441285,,$163.058,31,
P00755,Bosch Spark Plug Chevrolet Spark,Bosch,spark_plug,Chevrolet,,2011,5605490,,COP 241895,38,
M-0694,Brake Pad Set Mann,Mann,,Nissan,Sentra,,,,121154,44,
SKU-0594,Balinera Hilux Monroe,,wheel_bearing,Toyota,Hilux,,,,164248,38,
SKU-0418,Mahle aceite de motor 20W-50 x1L Sandero,Mahle,engine_oil,Renault,Sandero,2017,,,164769,4,
REF0849,Disco Freno Mazda 3 ventilado,Wix,,,,,97035-18234,,12878,few,ojo: variante
P00582,BUJIA Renault Logan Gates,,spark_plug,Renault,Logan,,OEM 14965,,68885,6,
SKU-0548,aceite 15W40 4L,Purflux,engine_oil,Chevrolet,Sail,2017,,,COP 28004,58,
SKU-0702,Lampara H1 Honda CB125 Denso,Denso,,Honda,CB125,2016,OEM 60089,,66947,4,
SKU-0136,Filtro Aceite Suzuki GN125 2016,Mann,,Suzuki,GN125,,OEM 57921,,$ 163611,55,
SKU-0719,Rodamiento,SKF,,Mazda,3,,S4123,,COP 10700,2,
P00258,Denso Cabin Filter Nissan Versa 2016,Denso,cabin_filter,Nissan,Versa,2016,,,$ 17307,4,
SKU-0263,PASTILLAS DE FRENO 2 2017 OEM,OEM,brake_pad,,2,2017,A4559,,53907.00,23,
SKU-0644,Filtro Aire Kia Rio 2017,Mahle,air_filter,Kia,Rio,2017,96126-46325,,$ 165572,27,
REF0731,Brembo Filtro Gasolina Mazda 2 2019,Brembo,fuel_filter,Mazda,2,,,,$318.048,52,
SKU-0482,Lubricante Motor 15W40 Sintetico Dayco,Dayco,engine_oil,,3,2012,S1925,,43608,25,
SKU-0573,Valeo Clutch Aveo 2016,,,,,,91832-77013,,20567.00,55,
SKU-0727,Aceite Motor 5W30 Sintetico Logan Dayco,Dayco,engine_oil,,Logan,,,,163679,22,
SKU-0523,Rodamiento Hilux NGK,NGK,,Toyota,Hilux,,,,$43.572,36,
SKU-0048,Pastillas Freno AKT NKD125 2019 Monroe,Monroe,brake_pad,AKT,NKD125,,,,43438,24,
M-0759,Valeo Plumilla Mazda 3,Valeo,,,3,2012,94925-25870,,321845,,
SKU-0069,Embrague Hyundai Accent SKF,SKF,,,Accent,,W6248,,$51.986,43,
SKU-0389,Filtro Gasolina Chhevrolet Sail 2015 Sachs,Sachs,fuel_filter,Chevrolet,Sail,2015,3870623,,$ 68746,34,
SKU-0269,Pastillas Freno Honda XR150 2016,,brake_pad,Honda,XR150,2016,OEM 72388,,27229.00,53,
REF0111,DOT4 SKF,,brake_fluid,Honda,CB125,,2337423,,27016.00,23,
P00019,Generic Filtro de aceite motor Yamaha FZ16 2015,Generic,oil_filter,Yamaha,FZ16,,B7630,,32222.00,,
C-0439,TRW Coolant Concentrate,TRW,,Hyundai,Accent,,S3604,,13501,8,
SKU-0278,BUJIA Mazda 3 2016 OEM,OEM,,Mazda,,,99149-32604,,$ 319472,51,
SKU-0578,Drive Belt Chevrolet Spark 2015,Fram,serpentine_belt,Chevrolet,Spark,2015,W4207,,$ 12088,7,
SKU-0527,DOT4,Generic,,Yamaha,,2019,W5574,,COP 35273,0,
SKU-0234,Amortiguador Trasero Chevrolet Spark 2015 Mahle,Mahle,shock,Chevrolet,Spark,2015,8774309,,$319.301,31,
SKU-0515,liquido frenoos,Champion,,Mazda,,2019,1254416,,$ 15296,19,
SKU-0237,Gates Cadena Moto GN125,Gates,chain,,GN125,2012,S8693,,53822,36,
SKU-0135,Bombillo Halogeno H-7 AKT NKD125 2019,Dayco,bulb,AKT,,2019,OEM 69396,,67139,18,
SKU-0189,Coolant,Valeo,coolant,Nissan,Versa,2014,90579-51113,,45568,,
A-0012,ACEITE DE MOTOR SAE 5W-30 x1L TRW,TRW,engine_oil,Chevrolet,Aveo,2011,,,$ 321758,agotado,
SKU-0199,past. freno Renault Logan 2016 SKF,SKF,,Renault,Logan,2016,B4152,,319926,30,
REF0106,Amortiguador Bajaj Boxer 2017 Wix,Wix,,Bajaj,Boxer,,,,$ 86129,40,
SKU-0480,Mann Amortiguador Trasero Bajaj Pulsar 2014,,shock,Bajaj,Pulsar,2014,94999-99248,,$83.385,,
P00147,Aceite Motor 0W-20 4L,,,Chevrolet,Aveo,2011,5353578,,$29.916,32,
SKU-0127,Bearing Aveo Hengst,Hengst,wheel_bearing,Chevrolet,,2013,92986-91319,,COP 320640,31,
P00358,TRW Air Filtt 3 2018,,,Mazda,3,2018,,,$321.544,19,
SKU-0803,Escobilla Duster,Mann,wiper,,Duster,2021,4714525,,66319,41,
P00020,Denso Serpentine Belt Kia Rio 2013,Denso,,,Rio,,6673648,,33001,14,
SKU-0376,OEM SPARK PLUG Aveo 2013,OEM,,Chevrolet,Aveo,2013,98370-20767,,$165.222,agotado,
P00819,ACEITE MOTOR 10W40 NGK,NGK,engine_oil,Bajaj,,2014,OEM 37847,,$17.408,38,
SKU-0656,Batería Sachs,Sachs,battery,,,2019,91243-59858,,320911,16,
SKU-0327,Wiper,Generic,,,Sentra,2018,B4631,,20908,19,
P00795,Monroe Timing belt kit Sandero,Monroe,timing_belt,Renault,,2017,W2168,,45246,22,
SKU-0801,Kit Cadena Yamaha FZ16 2017 SKF,SKF,,,FZ16,2017,OEM 65651,,COP 119141,44,
SKU-0682,Amort. Gol 2016,,shock,,Gol,,94533-60878,,$ 35047,38,
SKU-0037,Battery NMAX Dayco,Dayco,,Yamaha,NMAX,2020,,,21324,2,
REF0785,Bombillo Halogeno h7 NGK,NGK,,Yamaha,NMAX,2020,B7784,,$ 239511,35,
P00805,Filtro de CCabina Chevrolet Sail 2015 Dayco,Dayco,cabin_filter,Chevrolet,Sail,,OEM 86296,,$ 68402,4,
SKU-0324,Chain Kit Yamaha FZ16 2017,Mahle,chain,Yamaha,FZ16,2017,93902-16776,,COP 20043,60,
SKU-0481,Chain Kit Honda CB125 2020 OEM,,chain,Honda,CB125,,7918991,,$16.369,51,
SKU-0435,DISCO FRENO Hyundai Accent 2012,SKF,brake_disc,,Accent,2012,2387503,,16728,46,
SKU-0696,Gates amortiguador trasero Renault Duster,,,Renault,Duster,2014,93645-50592,,27759,31,
SKU-0751,Hengst Disco Freno,Hengst,,Nissan,Sentra,,OEM 28309,,86712,48,
B-0265,Coolant Concentrate,Monroe,coolant,Nissan,,2018,2924563,,119783.00,44,
P00538,Past. Freno,Wix,,Suzuki,GN125,2014,93220-26310,,$69.758,25,
SKU-0316,BUJIA Honda XR150 2016,Gates,,Honda,XR150,,OEM 53715,,118847,9,
REF0569,LIQ. FRENOS,Purflux,,Renault,Sandero,2017,OEM 23239,,7769,9,
B-0633,Monroe Batería,Monroe,,,FZ16,2019,A6373,,$ 118922,56,
C-0008,Headlight Bulb h7 Boxer 2013 Sachs,Sachs,bulb,Bajaj,Boxer,2013,3823588,,69744,42,
SKU-0379,Brake Disc Sachs,Sachs,brake_disc,Mazda,2,,91921-29182,,34174.00,54,
P00509,Liquido Refrigerante Generic,Generic,,,CB125,2020,OEM 10320,,321271,agotado,
SKU-0792,Dayco Correa de tiempo Toyota Yaris 2019,Dayco,,Toyota,Yaris,,5817522,,10957,38,posible duplicado
B-0154,Sachs Liq. Frenos,Sachs,brake_fluid,,,,W8248,,119739,,
SKU-0712,Denso Brake Disc Renault Duster 2021,Denso,,Renault,,2021,,,238140,29,
SKU-0080,Lampara H4 12V 60/55W Wix,Wix,,Toyota,Corolla,2017,7264920,,86770.00,3,
P00002,OEM Pastillas Freno FZ16 2015,,brake_pad,,,2015,OEM 17812,,$83.843,50,
SKU-0074,Bulb H-7 Suzuki GN125 2016 Monroe,Monroe,bulb,,GN125,,96535-82652,,$45.233,7,
SKU-0286,Mann Lubricante Motor 10W-40,Mann,engine_oil,Toyota,Corolla,,OEM 90808,,7859,53,
SKU-0769,Rodamiento Toyota Hilux 2020 SKF,,wheel_bearing,Toyota,,2020,OEM 38778,,66620,agotado,
SKU-0534,Drive Chain Honda CB125,Wix,chain,Honda,CB125,2018,OEM 56295,,$50.537,46,
SKU-0422,Acumulador Yamaha FZ16 2015,Dayco,battery,Yamaha,FZ16,,S1446,,COP 28079,19,
P00498,BRAKE DISC,Valeo,brake_disc,Renault,Logan,,W3174,,COP 35595,16,
C-0350,Hengst Bearing,Hengst,wheel_bearing,,Aveo,2016,6536726,,120007,24,
REF0057,RODAMIENTO RUEDA Volkswagen Gol 2016,Sachs,wheel_bearing,Volkswagen,Gol,,90440-24666,,$ 12547,10,
REF0621,Purflux Brake Pads Honda XR150 2018,Purflux,brake_pad,Honda,XR150,2018,97770-28217,,84262,0,
REF0504,Bateria 12V Mann,Mann,battery,Renault,Sandero,,,,$22.623,8,
SKU-0748,Denso Amortiguador Renault Duster,,shock,Renault,Duster,2014,OEM 88048,,$30.367,,
SKU-0669,Shock Absorber NKD125 2017,NGK,,AKT,NKD125,2017,OEM 75007,,320678,19,
A-0783,Drive Belt Toyota Hilux 2015,NGK,serpentine_belt,Toyota,Hilux,,94910-88934,,$118.923,agotado,
REF0575,Mann Limpiaparabrisas Renault Duster 2019,Mann,,Renault,,2019,2975730,,COP 84746,few,
B-0392,Filtro de Combustible Toyota Hilux 2020 Fram,Fram,,Toyota,,,,,118548,23,
SKU-0412,FILTRO DE AIRE Mazda 2 2017,Gates,,Mazda,2,2017,,,35121.00,22,
SKU-0304,cabin filter Sandero 2015 Champion,Champion,cabin_filter,,Sandero,,OEM 72413,,COP 20184,,
P00701,Coolant Concentrate Dayco,Dayco,coolant,Yamaha,NMAX,2018,S5463,,320966,0,
REF0438,SKF Kit Cadena Honda XR150 2020,SKF,chain,Honda,XR150,2020,S6920,,$13.883,8,
SKU-0655,Plumillas Renault Logan 2016 NGK,,wiper,Renault,,2016,OEM 41300,,35571,,
P00756,Correa de tiempo Kia Rio 2013 Valeo,Valeo,timing_belt,Kia,Rio,2013,OEM 56695,,44601,25,
P00506,Hengst CLUTCH KIT Mazda 2 2017,Hengst,clutch_kit,Mazda,2,2017,B1135,,$ 165328,24,
REF0382,NGK Pinon Salida CB125,NGK,sprocket,,CB125,2018,8908684,,$ 7376,35,
P00202,TRW Bujia de encendido Honda CB125 2014,TRW,spark_plug,Honda,CB125,2014,OEM 83178,,21785,37,
P00823,FILTRO DE ACEITE Boxer SKF,SKF,oil_filter,Bajaj,Boxer,2017,A9081,,46497,agotado,
SKU-0007,Rodamiento rueda Mazda 2 2017,Mann,,Mazda,2,2017,OEM 13342,,13581,41,
SKU-0046,ACEITE MOTOR SAE 5W-30 x1L,Fram,engine_oil,Honda,CB125,2014,B7627,,86466,37,
SKU-0607,Bulb H4 Honda XR150 2016 Monroe,Monroe,,Honda,XR150,2016,OEM 28578,,$13.304,,
SKU-0195,Kit Cadena Bajaj Boxer 2017 Champion,Champion,chain,Bajaj,,2017,,,11657,12,
SKU-0096,Filtrro Aire Motor Hilux 2016,Purflux,air_filter,Toyota,Hilux,2016,A1988,,$ 86928,18,
REF0475,OEM Rodamiento rueda,OEM,,,Spark,,A1305,,45506,26,
SKU-0391,Kit Clutch Aveo,,clutch_kit,Chevrolet,,2016,OEM 94046,,121223,21,
P00190,Kit Arrastre Honda CB125 2014,NGK,sprocket,Honda,CB125,2014,94262-66542,,$ 163484,0,
P00220,Liquido Refrigerante TRW,TRW,,Yamaha,NMAX,2018,B1287,,$ 120258,agotado,
SKU-0005,PLUMILLAS 3 Denso,Denso,,Mazda,3,2012,,,320253,23,
SKU-0387,Amortiguador Trasero,Generic,shock,Nissan,,2015,2444939,,$8.453,50,
SKU-0431,Filtro Ac. NKD125 Purflux,Purflux,oil_filter,AKT,,2019,OEM 19957,,118914.00,25,
SKU-0404,Bujia Nissan Versa Monroe,Monroe,,,,2014,,,$ 17656,42,
P00128,WIPER Mazda 2 2019 Champion,,,Mazda,2,2019,,,33287,22,
M-0750,foco H-7 Volkswagen Gol 2014,,,Volkswagen,Gol,,S8536,,$166.227,30,
B-0786,Filtro de aceite motor Aveo 2009 Champion,,,Chevrolet,Aveo,2009,8952139,,33896,7,posible duplicado
SKU-0436,Mahle FILTRO DE AIRE Boxer 2017,Mahle,,Bajaj,Boxer,2017,6554187,,$ 319646,agotado,
SKU-0628,Kit Arrastre Bajaj Pulsar 2018 SKF,SKF,sprocket,Bajaj,Pulsar,,6994145,,67771,4,
P00196,Mahle KIT DE EMBRAGUE Hyundai Accent 2012,,,Hyundai,Accent,2012,,,$ 10245,16,
SKU-0519,Valeo Disco Freno Kia Rio 2013,Valeo,,Kia,Rio,2013,W8623,,67259,33,
SKU-0344,NGK pinon GN125 2018,NGK,sprocket,Suzuki,GN125,2018,90264-35650,,$ 320350,5,
P00168,Correa Unica Kia Rio 2017 Fram,Fram,serpentine_belt,,Rio,2017,90933-99592,,12283,33,
SKU-0275,Mahle Timing belt kit Versa 2019,,timing_belt,Nissan,Versa,2019,8403460,,$16.252,38,
P00630,Bujia 3 2016 Gates,Gates,,Mazda,3,2016,OEM 34192,,320249.00,20,
REF0558,Monroe Correa de Distribucion Mazda 2 2019,Monroe,,Mazda,2,2019,S8888,,$83.049,55,
P00351,aceite motor 15W40,Champion,,,XR150,,,,$318.919,31,
P00383,Bujia Fram,Fram,,Honda,XR150,2016,OEM 40568,,320447,1,
P00314,PASTILLAS DE FRENO Spark 2010,Hengst,,Chevrolet,,2010,W2069,,COP 35571,agotado,
SKU-0170,Dayco Rodamiento de Rueda Volkswagenn Gol,Dayco,wheel_bearing,Volkswagen,,2016,W1876,,$ 84219,24,
P00516,Champion Cadena Moto Honda XR150 2016,Champion,,Honda,XR150,2016,A5125,,28478,50,
B-0184,Pinon Fram,Fram,sprocket,,,2019,90623-71149,,8146,15,
SKU-0284,Kit de Embrague Yaris 2014 TRW,TRW,clutch_kit,Toyota,Yaris,2014,,,20907,,
SKU-0335,Sachs PASTILLAS DE FRENO Kia Rio 2015,Sachs,brake_pad,Kia,Rio,2015,,,$69.845,51,
M-0797,Hengst bujia NKD125 2017,Hengst,,AKT,NKD125,2017,2420152,,86170.00,37,
C-0646,filtro habitaculo Toyota Yaris 2014,Wix,cabin_filter,Toyota,Yaris,2014,3610124,,COP 121558,,
SKU-0232,Cadena Moto Honda XR150,Valeo,,Honda,,2016,,,$ 30016,agotado,
SKU-0559,Spark Plg Honda CB125 2020 Sachs,Sachs,,Honda,CB125,,,,$ 34609,53,
SKU-0027,pastillas freno Kia Rio 2020 Dayco,Dayco,,,Rio,,96437-61139,,320413,49,
A-0725,Filtro Combustible Yaris,Sachs,fuel_filter,,Yaris,2014,92392-32847,,35300,38,
SKU-0283,Amortiguador Trasero Mann,Mann,shock,Honda,CB125,2016,A3858,,50311,,
P00818,Coolant Concentrate Mann,,coolant,Suzuki,GN125,,OEM 34544,,COP 53788,agotado,reemplazado por SKU-0817
SKU-0501,Clutch Kit Sail 2019,OEM,clutch_kit,Chevrolet,Sail,2019,94700-99949,,68067,50,
REF0371,Wix Correa Poly-V Volkswagenn Gol 2011,Wix,serpentine_belt,,Gol,,9542007,,$13.094,21,
A-0787,Hengst disco Chevrolet Aveo 2013,Hengst,brake_disc,,Aveo,,OEM 11384,,$166.712,29,posible duplicado
SKU-0778,Denso Disco de Freno Mazda 3,Denso,brake_disc,,3,2014,S3795,,10520,agotado,
SKU-0407,PASTILLAS DE FRENO 3 OEM,OEM,brake_pad,,3,2014,OEM 41417,,8629,26,
P00649,Clutch Chevrolet Aveo Hengst,Hengst,,Chevrolet,,2011,,,164926,48,
SKU-0542,A.Filter Toyota Yaris 2017,Sachs,,,,2017,,,318002.00,35,
SKU-0565,Disco Nissan Versa 2016 OEM,OEM,brake_disc,Nissan,Versa,,OEM 64902,,$ 67087,0,
C-0415,Disco Freno TRW,TRW,,Toyota,,2015,2304956,,$ 120342,52,
SKU-0452,Amort. Brembo,Brembo,shock,,,2019,OEM 73669,,45627.00,44,
REF0204,Champion Rodamiento rueda Chevrolet Aveo 2013,Champion,wheel_bearing,,Aveo,2013,OEM 65153,,$118.318,22,
P00113,balinera Toyota Hiluxx 2015 Purflux,Purflux,wheel_bearing,,Hilux,2015,,,$120.803,8,
P00550,Rodamiento OEM,OEM,,,,2019,,,85331,10,
SKU-0187,Dayco Filtro Aire Yamaha NMAX 2020,Dayco,,,NMAX,2020,S8464,,COP 46783,59,
SKU-0526,BATERIA Yamaha FZ16 2015 Champion,Champion,,Yamaha,,2015,6678572,,121167,41,
SKU-0688,Bulb H1 Honda XR150 2020,Wix,bulb,Honda,,,,,51140,3,
SKU-0059,REFRIGERANTE Sachs,Sachs,,Bajaj,Pulsar,2014,OEM 76025,,53487,51,
P00226,Filtro Ac. Aveo Dayco,Dayco,,,Aveo,2016,95295-72864,,52030,2,
SKU-0589,Bujía,Sachs,spark_plug,,,,W6765,,164539,10,
P00075,Pastillas GN125 2012 Purflux,Purflux,brake_pad,,,2012,A3970,,$318.151,agotado,
B-0626,Pastillas de Freno Sentra 2018 Dayco,Dayco,brake_pad,Nissan,Sentra,,1354541,,163147,53,
P00426,Brake Pads Volkswagen Gol 2011 Purflux,Purflux,,Volkswagen,,2011,6103001,,29502,19,
SKU-0477,Amort. Renault Sandero 2015 Bosch,Bosch,shock,Renault,Sandero,,W8491,,$32.120,18,
SKU-0033,SKF Amortiguador Trasero FZ16 2015,SKF,shock,Yamaha,FZ16,2015,98806-49520,,$ 51141,57,
SKU-0456,Shock Yamaha FZ16 2019 Champion,Champion,,Yamaha,FZ16,2019,W1984,,32818,43,
SKU-0563,FLUIDO DE FRENOS Valeo,Valeo,brake_fluid,Chevrolet,,2016,5316723,,32512,26,
REF0737,Correa de tiempo Renault Sandero 2019,Mahle,timing_belt,Renault,Sandero,2019,3275421,,15025,19,
REF0091,Lampara H7 Bajaj Boxer 2017,SKF,,Bajaj,Boxer,,1473457,,$69.817,8,
SKU-0274,Plumillas Yaris Mann,Mann,,,Yaris,,99056-35490,,85120,27,
P00243,Amort. Renault Sandero 2019,Fram,shock,Renault,Sandero,2019,B2138,,26836.00,22,
SKU-0038,Timing Belt Mazda 2 Mahle,Mahle,timing_belt,Mazda,2,,5411852,,9455.00,41,
P00576,Embrague Yaris 2019,Purflux,clutch_kit,Toyota,Yaris,2019,97306-87871,,53715,41,
SKU-0364,SKF correa poly-v Rio 2015,SKF,,Kia,Rio,,,,$ 17461,46,
SKU-0203,Drive Belt Renault Sanndero,TRW,serpentine_belt,,Sandero,2017,S6312,,241978,14,
SKU-0675,A.Filter Versa,SKF,air_filter,Nissan,Versa,,90095-65657,,$14.431,52,
SKU-0414,Gates Aceite Motor 5w-30 4L,Gates,,Volkswagen,Gol,2011,,,68031,23,
P00673,Bateria Honda CB125 2016,Wix,battery,,,,,,22265,few,
SKU-0305,A.Filter GN125 2014 Wix,Wix,,,GN125,2014,W1327,,$53.649,few,
REF0244,Embrague Nissan Sentra 2018 Fram,Fram,clutch_kit,,,,A5667,,66162,agotado,
SKU-0599,Kit Clutch 2 2015,Monroe,clutch_kit,Mazda,,2015,,,$ 50573,44,
SKU-0054,Acumulador Yamaha FZ16 2017,Mahle,,Yamaha,FZ16,,91718-11618,,COP 85256,few,
P00634,Bulb H4 12V 60/55W Chevrolet Sail 2019 TRW,TRW,bulb,Chevrolet,Sail,2019,,,$20.080,35,
SKU-0321,Filtro de Cabina Chevrolet Sail 2019 TRW,TRW,,,Sail,,2654998,,$ 34482,59,
B-0554,Pastillas de Freno OEM,OEM,brake_pad,,NMAX,2022,OEM 96327,,COP 50700,22,
P00296,ACEITE MOTOR 10w40 x1L Hengst,Hengst,,Yamaha,NMAX,2022,98185-83803,,COP 66847,4,
REF0553,BUJÍA Toyota Yaris 2014 Generic,Generic,spark_plug,Toyota,,2014,OEM 82909,,$13.821,10,
P00267,Past. Freno Suzuki GN125,Mahle,,Suzuki,,2012,W3513,,28755.00,4,
SKU-0585,Bujia de encendido Honda XR150 2020 NGK,NGK,spark_plug,Honda,XR150,2020,,,52382,2,
P00496,Brake Rotor Hilux,,,Toyota,Hilux,,92608-53827,,120647,56,
SKU-0806,filtro habitaculo Champion,Champion,cabin_filter,Chevrolet,Sail,2017,8540015,,COP 28840,20,reemplazado por P00805
SKU-0505,Shock Absorber Bajaj Boxer 2017 Valeo,Valeo,shock,,Boxer,2017,7665307,,$120.754,47,
SKU-0282,Bulb H4 NGK,NGK,bulb,Kia,Rio,2017,OEM 68385,,$51.891,59,
SKU-0635,Foco H4 12V 60/55W Spark Valeo,Valeo,bulb,,Spark,,OEM 10507,,165222,60,
SKU-0095,Gates Liquido de Frenos,Gates,,Toyota,Hilux,,S7505,,$241.837,,
SKU-0034,Engine Oil 0W-20 x1L,OEM,engine_oil,Honda,XR150,2016,,,34795,,
SKU-0396,Drive Chain Yamaha NMAX 2018,,chain,,NMAX,2018,S8808,,$ 21583,45,
P00060,CLUTCH Spark 2015,Dayco,clutch_kit,Chevrolet,Spark,2015,90071-55587,,$50.391,12,
REF0145,Aceite Motor 15W-40 x1L Purflux,Purflux,engine_oil,Honda,XR150,,B8541,,$ 16523,42,
B-0807,Liquido de Frenos SKF,SKF,brake_fluid,Nissan,,,,,120782,60,
SKU-0832,Oil Filter,Hengst,,Toyota,Hilux,2012,98845-40403,,119157.00,59,reemplazado por C-0831
SKU-0065,Bosch Bateria AKT NKD125 2019,Bosch,battery,AKT,NKD125,2019,B3035,,51771,7,
SKU-0556,Disco Freno Mann,Mann,brake_disc,Renault,Logan,2014,4285899,,$ 69754,54,
SKU-0666,Champion Filtro Aceite Toyota Hilux 2016,Champion,,Toyota,,,,,$ 44162,34,
SKU-0749,TRW Disco,TRW,,Chevrolet,,2013,97524-35762,,14577,27,
SKU-0652,Wheel Bearing Toyota Yaris 2019 Denso,Denso,wheel_bearing,Toyota,Yaris,,B7764,,9466,,
REF0281,Hengst Filtro de Aceite Boxer 2013,Hengst,,Bajaj,Boxer,2013,7268549,,COP 20368,50,
SKU-0328,SKF Lubricante Motor 10W-40 Mineral,,engine_oil,AKT,NKD125,2019,98001-33034,,21110,39,
P00459,Bujia de encendido CB125 2018 Mann,Mann,,Honda,,,1482161,,$ 165008,7,
SKU-0697,BOMBILLA H4 12V 60/55W Sail,Wix,bulb,Chevrolet,,2015,,,$241.867,27,
SKU-0101,Bosch Balinera Nissan Versa 2019,Bosch,,Nissan,Versa,2019,OEM 41804,,$ 32836,1,
P00179,Wiper Blade Renault Logan 2014 Gates,Gates,,Renault,Logan,,OEM 48827,,$ 166220,47,
M-0320,OEM Brake Disc Spark 2011,OEM,brake_disc,,Spark,2011,99866-17865,,238752,55,
C-0668,Brake Fluid Valeo,Valeo,brake_fluid,,Sail,,94474-67171,,32319.00,25,
SKU-0706,Sachs Aceite de Motor 0W-20 Mineral,Sachs,engine_oil,AKT,NKD125,2015,91982-94334,,26846,58,
SKU-0771,Filtro Aceite Denso,Denso,oil_filter,Volkswagen,Gol,2014,S7191,,26538,53,posible duplicado
SKU-0810,Mahle Refrigerante Sandero,Mahle,coolant,,Sandero,2017,OEM 90906,,$69.973,35,reemplazado por REF0809
P00746,aceite 5w-30 Sintetico,Bosch,engine_oil,Yamaha,NMAX,2018,OEM 38445,,$45.885,8,
P00425,Disco de Freno 2 2017,Wix,brake_disc,,2,2017,S4793,,COP 33896,5,
SKU-0839,Past. Freno Wix,Wix,brake_pad,Nissan,Sentra,,8179865,,53386,16,
P00356,Sachs Amort. Chevrolet Spark 2011,Sachs,,,Spark,,4216767,,13247,39,
P00122,Filtro de gasolina Hilux 2020,Gates,,Toyota,,,,,163349,36,
SKU-0077,BRAKE PADS Gol 2016,,brake_pad,Volkswagen,Gol,,92113-71909,,COP 7628,47,
SKU-0171,SKF Disco de Freno,SKF,brake_disc,Renault,,2021,OEM 69013,,$69.428,0,
SKU-0126,Coolant Purflux,Purflux,coolant,,Hilux,2016,97996-24472,,13279,0,
SKU-0271,Filtro de aceite motor Sentra 2015 Bosch,,,Nissan,Sentra,2015,A2502,,165631,2,
SKU-0441,ROTOR Generic,Generic,,Chevrolet,Spark,2013,,,$8.596,agotado,
M-0409,Drive Chain NMAX 2018,,chain,,NMAX,2018,W6768,,163486,6,
SKU-0028,Oil Filt. Bajaj Pulsar 2014,Mann,oil_filter,Bajaj,,2014,,,68249,agotado,
SKU-0384,F.Filter Hyundai Accent 2014 SKF,SKF,,Hyundai,Accent,2014,98652-46394,,12534.00,5,
SKU-0638,ACEITE MOTOR 5W-30 Sintetico,Gates,engine_oil,,,2011,4512964,,$ 46010,1,
SKU-0222,Coolant,Mahle,,,GN125,2012,97575-87879,,163884,60,
P00129,brake pad set GN125 Purflux,Purflux,brake_pad,Suzuki,GN125,2012,99185-22484,,318816.00,41,
SKU-0845,Bujia NGK CB125 standard,TRW,,,,,,,320294.00,21,ojo: variante
P00051,BEARING Chevrolet Sail,Valeo,wheel_bearing,Chevrolet,Sail,2015,5493991,,34364,6,
SKU-0488,Liquido de Frenos TRW,TRW,brake_fluid,Renault,Sandero,,6659120,,$ 84546,37,
SKU-0044,Kit de Embrague Chevrolet Spark 2018 Monroe,Monroe,,Chevrolet,Spark,2018,7536674,,10039.00,42,
M-0735,Liquido Refrigerante TRW,,coolant,,Sandero,2019,S9810,,10904,few,
P00347,Filtro A/C Mazda 3 2018,Champion,cabin_filter,,3,2018,94901-36824,,$20.673,15,
SKU-0686,PAST. FRENO Boxer Dayco,Dayco,,Bajaj,Boxer,2015,95088-42413,,16092.00,27,
SKU-0510,TRW Fuel FFilter Accent,TRW,,Hyundai,Accent,2014,,,COP 44243,,
C-0831,Filtro Ac. Toyota Hilux 2018,Denso,oil_filter,Toyota,Hilux,,90324-32486,,14699,43,
SKU-0679,Champion Bujia Toyota Yaris 2019,Champion,,Toyota,Yaris,2019,2730956,,46056,39,
P00110,kit arrastre XR150 Champion,Champion,,Honda,XR150,2018,98405-21989,,69489,25,
P00642,TRW Air Filt AKT NKD125 2015,TRW,air_filter,AKT,NKD125,2015,S3815,,$241.563,28,
SKU-0574,Battery Renault Sandero,Generic,battery,Renault,Sandero,2017,,,53206,31,
SKU-0030,Coolant Concentrate,Fram,,,CB125,,W5232,,240333,,
P00693,OIL FILTER Bosch,Bosch,,Kia,Rio,,,,$ 17278,29,
REF0532,Air Filt NMAX 2020,OEM,,Yamaha,NMAX,,B1124,,$50.104,49,
SKU-0160,Monroe Pastillas de Freno Pulsar,,,Bajaj,Pulsar,,A3806,,17345,,
A-0802,Chain Kit Yamaha FZ16 Generic,Generic,,Yamaha,FZ16,2015,94310-14986,SKU-0801,$165.154,60,descontinuado
P00066,Correa de tiempo Mazda 2 2017,Denso,timing_belt,Mazda,,2017,90624-42928,,66892,13,
SKU-0297,Champiion Filtro Gasolina Logan 2018,Champion,,,Logan,2018,2248504,,COP 67329,3,
SKU-0765,BATERÍA Corolla 2017,,battery,Toyota,Corolla,2017,OEM 43885,,$33.599,14,posible duplicado
REF0083,Pastillas Freno Versa 2014 Purflux,Purflux,brake_pad,,Versa,,97321-87741,,$ 320493,3,
SKU-0661,Pastillas Verssa 2016 Valeo,Valeo,brake_pad,Nissan,Versa,2016,,,COP 239228,agotado,
SKU-0841,Brake Pads Corolla 2015 (front),Monroe,,,,,,,28862.00,few,ojo: variante
A-0367,CADENA DE TRANSMISION Suzuki GN125 2012 Fram,Fram,chain,Suzuki,GN125,,OEM 36575,,10404,,
A-0250,Generic Plumilla Mazda 3,Generic,wiper,Mazda,3,2018,5577116,,32353.00,14,
P00116,Sachs Pastillas de Freno Chevrolet Aveo 2016,Sachs,,Chevrolet,Aveo,,98982-65657,,241855,39,
SKU-0822,filtro de combustible Nissan Versa Generic,Generic,fuel_filter,Nissan,Versa,2014,,,COP 85984,26,reemplazado por SKU-0821
A-0468,Mahle Liq. Frenos,Mahle,brake_fluid,Kia,,2020,9557800,,COP 66636,0,
SKU-0388,ACEITE MOTOR SAE 5W-30 Sintetico,Valeo,,Honda,CB125,,OEM 74896,,52747.00,36,
P00003,Amortiguador GN125 Dayco,Dayco,shock,Suzuki,GN125,,,,17001,27,
SKU-0014,Filtro de gasolina Accent 2014,Gates,fuel_filter,Hyundai,Accent,2014,S3246,,43498,43,
P00355,Generic Fuel Filter Mazda 2 2017,Generic,,Mazda,2,,95528-16866,,$21.078,4,
REF0039,Filtro Combustible Corolla 2013,Champion,,Toyota,,2013,3736752,,$ 21342,51,
SKU-0692,Engine Oil 10w40 Mineral,Mahle,engine_oil,,,2017,OEM 89054,,320163.00,24,
SKU-0072,Pastillas de Freno Volkswagen Gol Champion,Champion,brake_pad,Volkswagen,Gol,2014,92957-93498,,COP 34605,,
REF0445,Liquido Refrigerante SKF,SKF,coolant,Yamaha,NMAX,2022,93614-14207,,119743,23,
SKU-0543,Liq. Frenos Corolla,Gates,brake_fluid,Toyota,Corolla,2018,OEM 37767,,23949,60,
REF0061,Amortiguador Delantero Hengst,Hengst,shock,Renault,Duster,,6199770,,46803,6,
SKU-0677,Valeo Timing belt kit 2 2015,Valeo,timing_belt,Mazda,2,2015,,,27570,14,
B-0815,PASTILLAS DE FRENO Mann,Mann,brake_pad,,Gol,2016,2210406,,120959,46,
P00323,Filtro Aire Motor Versa,SKF,air_filter,Nissan,Versa,2016,3173733,,241555,agotado,
M-0713,Amortiguador Delantero Hyundai Accent 2017 Purflux,Purflux,shock,Hyundai,Accent,2017,91366-64974,,COP 10471,agotado,
SKU-0800,Disco de Freno Renault Duster 2014,Wix,,Renault,Duster,,8512576,P00799,51258,3,descontinuado
SKU-0021,Filtro de aceite motor Versa Monroe,Monroe,,Nissan,Versa,,A9670,,321074,51,
B-0329,Filtro de Aceite Dayco,Dayco,oil_filter,Bajaj,Boxer,,OEM 51128,,$23.836,,
SKU-0177,Limpiaparabrisas Chevrolet Spark 2011 Sachs,Sachs,,Chevrolet,Spark,2011,93653-32680,,$9.820,5,
REF0620,Refrigerante Verde Champion,Champion,coolant,,Pulsar,2014,S8920,,$34.473,,
SKU-0763,Filtro de Aire Renault Sandero 2019,,air_filter,Renault,Sandero,,6412498,,84309,4,rev
SKU-0098,SKF Pinon Suzuki GN125 2012,SKF,,Suzuki,GN125,2012,5326640,,26733.00,0,
SKU-0427,Monroe Lampara H4 12V 60/55W Sandero 2017,Monroe,,,Sandero,2017,6838977,,321388,47,
C-0366,Denso Filtro de Combustible Mazda 3,Denso,fuel_filter,Mazda,3,,96728-58415,,34273,44,
SKU-0690,Fluido de Frenos,Generic,brake_fluid,,Yaris,2017,OEM 63664,,44715,9,
SKU-0114,BATERIA 12V Toyota Hilux 2020 Hengst,Hengst,battery,,Hilux,2020,OEM 38940,,28659,28,
SKU-0455,Filtro de Aire Aveo Bosch,Bosch,,Chevrolet,Aveo,,,,COP 29562,few,
SKU-0784,AMORTIGUADOR TRASERO,Sachs,shock,Yamaha,NMAX,2022,2785705,,69286,46,
P00461,Monroe Liquido Frenos,Monroe,brake_fluid,Kia,Rio,2017,,,30242.00,11,
SKU-0700,Generic oil filt. Chevrolet Spark 2018,Generic,oil_filter,Chevrolet,,,OEM 56450,,$ 16382,18,
P00229,LIQUIDO FRENOS CB125 Purflux,,,,CB125,2016,W2980,,319779,29,
P00397,Gates Disco Toyota Hilux 2020,Gates,,Toyota,Hilux,2020,B9657,,$68.883,30,
SKU-0472,OEM Oil Filter Yamaha NMAX 2018,OEM,oil_filter,Yamaha,NMAX,2018,OEM 13114,,$164.486,32,
P00251,Dayco Kit Clutch Renault Duster 2014,Dayco,clutch_kit,Renault,Duster,2014,,,12947.00,32,
SKU-0570,Lampara 9005 Chevrolet Spark 2010,Brembo,,,Spark,2010,S1339,,COP 45871,57,
SKU-0432,Rodamiento Mazda 2 2019 Brembo,Brembo,,Mazda,2,2019,OEM 49268,,$ 238552,32,
REF0178,Hengst Correa Unica,,serpentine_belt,Toyota,Yaris,,,,$83.547,57,
SKU-0467,Escobilla Spark Brembo,Brembo,wiper,Chevrolet,Spark,,92200-38950,,$7.000,agotado,
P00715,BRAKE DISC Logan 2014,,brake_disc,Renault,Logan,2014,S3565,,$ 32191,28,
REF0236,Lampara H1 Chevrolet Sail Wix,Wix,bulb,,Sail,,W2033,,$119.569,29,
REF0224,NGK Air Filter Honda CB125 2018,NGK,air_filter,Honda,CB125,2018,B4816,,COP 11440,26,
SKU-0808,Sachs Liquido Frenos,Sachs,brake_fluid,Nissan,Versa,2016,96738-72825,,$34.801,42,reemplazado por B-0807
SKU-0094,Coolant,Monroe,coolant,Suzuki,GN125,2014,,,320311.00,53,
M-0150,Champion Pastillas de Freno Toyota Corolla 2018,,,,Corolla,,93532-83978,,50225.00,few,
SKU-0596,Refrigerante Verde,Mann,,,Yaris,2019,OEM 62106,,$23.080,49,
SKU-0295,Coolant,NGK,,Mazda,3,2018,,,119774,agotado,
P00340,Pastillas Freno Honda XR150 Denso,Denso,,Honda,,,,,$23.049,15,
SKU-0153,Lampara H11 Hilux,Valeo,bulb,Toyota,,2015,90802-27956,,321604,12,
SKU-0155,A.Filter Sail 2017 Brembo,Brembo,,Chevrolet,,2017,S1539,,33556,42,
REF0022,Rodamiento de Rueda Versa 2014 Sachs,Sachs,wheel_bearing,Nissan,,2014,OEM 84511,,321329.00,38,
SKU-0424,Sachs Filtro de aceite motor Renault Sandero 2013,Sachs,oil_filter,Renault,,,OEM 47076,,51202,,
SKU-0743,BUJIA DE ENCENDIDO,Brembo,,Yamaha,,2020,OEM 65047,,COP 121632,54,
SKU-0133,Filtro Ac. Yamaha NMAX 2022 Fram,Fram,,Yamaha,NMAX,,,,COP 45497,4,
REF0827,Brake Fluid,Generic,brake_fluid,Mazda,2,2015,OEM 93221,,320622,,
SKU-0443,Pastillas Toyota Hilux 2016 SKF,SKF,brake_pad,,Hilux,2016,,,238718,agotado,
REF0517,coolant concentrate,Wix,,Yamaha,FZ16,2015,B5793,,52212.00,32,
P00264,Monroe Filtro Aceite 3,Monroe,oil_filter,Mazda,3,2014,B6788,,$ 86327,23,
SKU-0774,Filtro Ac. Hyundai Accent 2012 Sachs,Sachs,,Hyundai,,2012,OEM 52382,,COP 9604,55,
P00536,SPARK PLUG Mazda 3,Champion,spark_plug,Mazda,3,2016,S1904,,$ 17365,11,
P00421,Mann PASTILLAS Kia Rio 2015,Mann,,,Rio,2015,OEM 14326,,166523,48,
P00736,Cadena Moto Suzuki GN125 2018 Champion,Champion,,,GN125,2018,,,28975,19,
SKU-0406,Filtro de gasolina Mahle,Mahle,fuel_filter,Nissan,Sentra,2013,OEM 54893,,66855.00,0,
SKU-0525,Monroe bateria Suzuki GN125 2016,Monroe,,,,2016,OEM 35202,,240123,23,
REF0238,Bombilla H7 Gates,Gates,bulb,Chevrolet,,,94656-69670,,$119.513,44,
REF0632,Timing Belt Volkswagen Gol 2011,TRW,timing_belt,Volkswagen,Gol,,1110882,,$17.583,40,
P00773,Pastillas de Freno Renault Sandero 2013 Champion,Champion,,Renault,Sandero,2013,7536094,,$11.057,0,posible duplicado
SKU-0272,Amortiguador Trasero Chevrolet Sail 2017 Purflux,Purflux,shock,Chevrolet,Sail,2017,8777645,,166410,36,
SKU-0345,Cabin Filter Chevrolet Sail,Brembo,,Chevrolet,Sail,,,,$43.410,11,
SKU-0138,KIT CLUTCH 2 Champion,Champion,,Mazda,2,2015,S5379,,238559.00,22,
SKU-0796,correa de distribucion Renault Sandero 2013,Purflux,,Renault,Sandero,2013,5304630,P00795,$28.439,51,descontinuado
SKU-0001,Pastillas Mazda 2 2015 Mahle,Mahle,,,2,2015,93657-92657,,$ 120387,26,
SKU-0844,Amortiguador Duster Trasero,Valeo,,,,,OEM 18228,,84523,39,ojo: variante
REF0665,Kit Clutch Spark SKF,SKF,clutch_kit,Chevrolet,Spark,,95717-50261,,46096,34,
P00249,Liquido Frenos Hengst,Hengst,,Suzuki,GN125,2014,OEM 34305,,8678,agotado,
SKU-0112,Valeo Wiper Blade Chevrolet Aveo,Valeo,wiper,Chevrolet,Aveo,2011,92976-48204,,$ 11109,46,
SKU-0331,FILTRO DE ACEITE MOTOR OEM,OEM,,Honda,XR150,2020,B9724,,$ 239126,53,
REF0294,Monroe Refrigerante,Monroe,coolant,Yamaha,NMAX,,9116628,,$ 45905,,
SKU-0813,Denso Amort. Kia Rio 2015,Denso,shock,Kia,Rio,2015,OEM 72685,,10467,28,
P00560,Valeo Timing Belt Hyundai Accent 2019,Valeo,,Hyundai,,2019,,,45456,33,
SKU-0352,Wix pastillas Volkswagen Gol,Wix,brake_pad,,Gol,2011,W2741,,$ 28935,41,
SKU-0631,disco freno Nissan Sentra 2013 Hengst,Hengst,brake_disc,Nissan,,2013,5286021,,COP 43787,55,
B-0465,O.FILTER Toyota Hilux 2020 Brembo,Brembo,,Toyota,,,,,239894,44,
SKU-0670,PLUMILLAS Toyota Corolla 2015 Wix,Wix,,Toyota,Corolla,2015,4186799,,COP 119761,,
SKU-0349,Piñon Bajaj Boxer 2017 Sachs,Sachs,,Bajaj,Boxer,2017,OEM 10684,,$ 14443,15,
SKU-0050,correa distribucion Dayco,Dayco,timing_belt,,Yaris,2019,6138622,,$20.745,18,
B-0434,Bosch Fluido de Frenos,Bosch,brake_fluid,Kia,,2020,4363506,,10152.00,21,
REF0836,ACUMULADOR Mann,Mann,,Yamaha,NMAX,,,,COP 51980,47,reemplazado por SKU-0835
P00183,Mann Bulb H11 AKT NKD125 2015,Mann,bulb,AKT,NKD125,2015,S4928,,$165.660,39,
REF0617,Denso Anticongelante,Denso,coolant,Volkswagen,Gol,2014,97857-98298,,COP 84652,42,
SKU-0307,ACEITE DE MOTOR 10W40 Mineral,NGK,engine_oil,Yamaha,,2019,,,85706.00,2,
SKU-0495,Bombillo H4 Toyota Yaris 2017,Gates,bulb,Toyota,,,,,51406,34,
SKU-0545,CHAIN KIT AKT NKD125 2017 Hengst,,chain,,NKD125,2017,,,$121.035,21,
P00289,Past. Freno 2 2017 Wix,Wix,brake_pad,Mazda,2,2017,4101049,,$ 10052,58,
SKU-0306,Filtro Habitaculo Hyundai Accent 2012,Champion,cabin_filter,Hyundai,,2012,,,$241.289,22,
REF0493,Liq. Frenos,Hengst,brake_fluid,Toyota,Yaris,2017,3776582,,$46.799,17,
M-0698,NGK Banda de Distribucion 3 2016,NGK,timing_belt,Mazda,3,2016,OEM 77280,,$ 120666,52,
SKU-0667,Kit Cadena Bajaj Boxer 2017,Monroe,chain,Bajaj,Boxer,2017,S8781,,118819,17,
SKU-0533,Filtro de Combustible Toyota Hilux 2012,Bosch,,Toyota,Hilux,,W5365,,8503,43,
C-0674,Aceite 15W40,Wix,engine_oil,Yamaha,NMAX,2020,5474110,,$10.330,14,
SKU-0063,Brembo Bombillo Halogeno H11 Chevrolet Sail 2017,Brembo,,Chevrolet,Sail,,B6350,,85138,13,
SKU-0588,Mahle bateria Aveo,Mahle,battery,Chevrolet,Aveo,2016,S5397,,239893,47,
M-0647,Valeo DISCO DE FRENO DELANTERO,Valeo,brake_disc,Toyota,Yaris,2017,,,COP 320133,agotado,
SKU-0592,Bosch Correa Poly-V Mazda 2 2019,Bosch,,,2,2019,OEM 33378,,$66.615,23,
SKU-0174,Dayco Refrigerante Verde,Dayco,,Nissan,Versa,2014,S7613,,COP 22349,44,
SKU-0776,Bosch Bearing 3 2012,,wheel_bearing,Mazda,3,2012,OEM 97933,,$319.959,38,posible duplicado
SKU-0158,Filtro A/C Sentra Fram,,,Nissan,Sentra,2018,,,86429,43,
SKU-0606,SKF Bombillo Halogeno H4 NKD125,SKF,bulb,AKT,,2015,S1408,,COP 28360,55,
SKU-0473,Timing belt kit Brembo,Brembo,,Kia,Rio,,B6082,,$29.872,12,
SKU-0483,Bujias Toyota Hilux 2020 Dayco,Dayco,spark_plug,Toyota,Hilux,,1301969,,$ 52870,,
REF0363,Bombillo Halogeno H11,Brembo,bulb,Honda,,2014,B9070,,67337,15,
SKU-0043,Filtro Ac. Chevrolet Spark 2018 Purflux,Purflux,oil_filter,,,2018,3751180,,26819,36,
SKU-0829,Monroe Drive Chain Suzuki GN125 2012,Monroe,chain,Suzuki,,2012,,,$68.687,22,
SKU-0779,Past. Freno Volkswagen Gol 2014,Generic,brake_pad,,Gol,,,,66929.00,16,rev
P00403,Spark Plg Duster 2021 Mahle,Mahle,,Renault,Duster,2021,,,$ 240006,few,
SKU-0253,Brake Pads Mazda 3 2012 Generic,Generic,brake_pad,,3,2012,3812591,,COP 9058,few,
P00466,clutch Wix,Wix,,Nissan,Versa,2014,OEM 59604,,16767,53,
P00502,Oil Filter Renault Duster 2019 Monroe,Monroe,,,Duster,2019,,,83661,38,
SKU-0572,Spark Plg Nissan Sentra 2013 Dayco,Dayco,spark_plug,Nissan,Sentra,,OEM 61029,,66309,52,
P00499,Filtro de Combustible Chevrolet Sail,,,Chevrolet,Sail,2015,OEM 34228,,69722,agotado,
SKU-0227,Liquido Frenoos,Sachs,brake_fluid,Nissan,Versa,2014,,,COP 17747,,
SKU-0411,PLUMILLA Kia Rio 2013 Brembo,Brembo,wiper,Kia,Rio,2013,,,50998,14,
M-0764,Shock 2 2019,Dayco,,Mazda,2,2019,OEM 28948,,43881.00,3,posible duplicado
A-0277,Engine Oil 5w-30 x1L OEM,OEM,engine_oil,,CB125,2014,,,10170,26,
SKU-0469,Bateria Renault Duster TRW,TRW,battery,,Duster,2016,3560432,,$9.234,36,
P00076,Oil Filt. Mazda 3 2016 Wix,Wix,,Mazda,,,,,$ 85849,1,
SKU-0571,Amortiguador Volkswagen Gol 2014,Valeo,shock,Volkswagen,,2014,OEM 27532,,13612,agotado,
SKU-0370,Gates Liquido Frenos,Gates,brake_fluid,Chevrolet,,2015,2658798,,$ 22582,53,
SKU-0512,Serpentine Belt Logan 2018,Generic,serpentine_belt,Renault,Logan,2018,98461-60763,,$32.513,47,
REF0125,Foco H1 Yamaha FZ16 2015,Bosch,bulb,Yamaha,,2015,1965736,,27002,34,
SKU-0241,Rodamiento rueda Toyota Corolla 2017,Fram,wheel_bearing,Toyota,Corolla,2017,OEM 79644,,119577,36,
SKU-0564,CORREA DE TIEMPO,SKF,,Nissan,Versa,2014,,,23440,39,
SKU-0386,PASTILLAS DE FRENO 3 2012 Brembo,Brembo,brake_pad,,3,,W1396,,32277.00,53,
P00648,Champion Disco Freno Volkswagen Gol,Champion,brake_disc,,,,6474876,,$ 20128,44,
SKU-0850,Disco Freno Mazda 3 solido,Denso,,,,,OEM 58167,,29369,19,ojo: variante
REF0157,BATERIA,,battery,Toyota,Yaris,2014,1280334,,$33.434,48,
P00218,Rodamiento de Rueda Sentra Hengst,,wheel_bearing,Nissan,Sentra,2015,,,$ 10106,14,
SKU-0192,Headlight Bulb H-7 NMAX Wix,,,Yamaha,NMAX,2022,97546-54871,,35409,51,
REF0524,Mahle Bearing Hyundai Accent,Mahle,wheel_bearing,Hyundai,Accent,2014,OEM 88796,,$ 16872,29,
SKU-0064,brake fluid NMAX Denso,,brake_fluid,Yamaha,NMAX,2022,96537-67216,,$163.911,30,
SKU-0528,AMORTIGUADOR DELANTERO Chevrolet Aveo 2011,OEM,,Chevrolet,Aveo,2011,96771-61491,,240823.00,few,
SKU-0601,NGK Wiper Renault Logan,NGK,,Renault,Logan,2012,,,$ 50651,few,
SKU-0302,ACEITE MOTOR 10W-40 Mineral,Valeo,engine_oil,AKT,NKD125,2019,5114212,,$ 69685,agotado,
M-0394,Amortiguador Delantero Mann,Mann,,,,2017,B6902,,$ 10203,21,
P00799,Brake Rotor Renault Duster Boscch,Bosch,brake_disc,Renault,Duster,2021,,,$7.319,32,
SKU-0109,Amortiguador Delantero Renault Sandero 2013 TRW,TRW,shock,,Sandero,2013,B7027,,COP 32886,38,
C-0758,Disco de freno delantero Toyota Corolla 2015,Valeo,brake_disc,Toyota,Corolla,2015,W7484,,44811,,
REF0744,Correa Distribucion Versa,Purflux,,Nissan,Versa,,OEM 35702,,83646.00,agotado,
REF0710,Filtro de Aire Bajaj Pulsar 2016,Valeo,,Bajaj,Pulsar,2016,,,20705.00,41,
C-0419,Bateria Logan NGK,NGK,battery,Renault,Logan,,7789149,,$66.619,4,
P00618,Clutch Chevrolet Sail 2019 NGK,NGK,,Chevrolet,,2019,97475-39926,,COP 17472,36,
P00211,Filtro Ac. XR150 2016 Gates,Gates,oil_filter,,XR150,2016,,,$35.490,50,
P00781,Rodamiento de Rueda Toyota Hilux 2015,Champion,wheel_bearing,Toyota,Hilux,2015,OEM 75448,,10310,53,posible duplicado
M-0049,Sprocket Yamaha FZ16 2015,Mahle,sprocket,,,2015,93173-27251,,$ 51179,11,
A-0683,Plumillas Chevrolet Sail 2015 Mahle,Mahle,,,Sail,2015,OEM 43125,,COP 51656,0,
A-0165,Champion Rodamiento rueda Toyota Yaris 2019,Champion,wheel_bearing,Toyota,Yaris,2019,,,$84.226,14,
SKU-0017,Drive Belt 2 Wix,Wix,,,,,OEM 39151,,$ 11083,22,
P00492,Monroe headlight bulb H11 AKT NKD125,Monroe,,,NKD125,2019,,,43893,30,
C-0140,PASTILLAS DE FRENO Mazda 3 2014 Mann,Mann,,,3,2014,92209-76162,,$83.948,47,
SKU-0029,Clutch Accent 2014,Purflux,,Hyundai,Accent,2014,,,118977,26,
B-0343,Oil Filter Honda CB125 2016,Sachs,,Honda,CB125,,OEM 50452,,$165.435,,
SKU-0354,Generic Pastillas Renault Sandero 2015,Generic,brake_pad,,Sandero,,96939-31006,,$ 23032,4,
SKU-0716,Dayco BATERIA Sandero 2015,Dayco,battery,Renault,Sandero,2015,OEM 33756,,$6.756,9,
P00186,Lubricante Motor 15W-40 Sintetico Mahle,Mahle,,Yamaha,NMAX,2022,91414-81580,,COP 67443,agotado,
REF0047,drive chain,Monroe,chain,Honda,CB125,2018,,,COP 69477,27,
SKU-0699,Amortiguador NMAX 2020,Brembo,,Yamaha,NMAX,2020,9713072,,67037,,
B-0722,Wiper Renault Logan 2012 Wix,Wix,wiper,,Logan,2012,W5451,,COP 17063,2,
SKU-0266,embrague Mann,Mann,,Renault,Logan,,OEM 80479,,COP 21800,7,
M-0770,O.Filter Chevrolet Aveo 2016 Gates,Gates,oil_filter,,Aveo,2016,B9156,,$85.979,34,posible duplicado
M-0547,Mahle Serpentine Belt Sandero 2019,Mahle,,Renault,Sandero,2019,8561517,,318760.00,24,
SKU-0207,Filtro Combustible Mazda 3 Gates,Gates,,,3,,6626133,,50577,36,
SKU-0541,Foco h7 Spark,,,Chevrolet,Spark,2015,S9831,,28416.00,11,
P00399,Sachs Foco h7 CB125,Sachs,bulb,,,2020,S9077,,COP 16820,16,
SKU-0025,Valeo FILTRO DE ACEITE Suzuki GN125 2012,,oil_filter,,GN125,2012,94744-70158,,$13.358,18,
SKU-0834,COOLANT CONCENTRATE Brembo,Brembo,coolant,Mazda,3,2016,,SKU-0833,$ 164623,12,descontinuado
SKU-0042,Cabin Filter Hyundai Accent,Mahle,,,Accent,2012,96098-77196,,$318.728,50,
SKU-0219,Shock Chevrolet Spark 2010,Hengst,shock,Chevrolet,Spark,,OEM 17573,,$ 21502,28,
SKU-0390,Bujias Renault Duster 2016 Sachs,Sachs,spark_plug,Renault,Duster,2016,91270-47415,,28362.00,,
REF0687,Foco 9006 Honda XR150 2018 Fram,,bulb,,XR150,2018,3928166,,$ 11591,41,
A-0828,DOT4 Valeo,Valeo,brake_fluid,Mazda,2,2015,99635-44758,,29664.00,16,reemplazado por REF0827
SKU-0191,Monroe Disco Freno Nissan Sentra 2013,Monroe,brake_disc,Nissan,Sentra,2013,,,26819,,
SKU-0006,rodamiento Sandero Wix,Wix,,Renault,Sandero,2013,A8481,,$ 321194,36,
SKU-0724,Denso Plumilla Toyota Corolla,Denso,wiper,,Corolla,,,,163948,37,
SKU-0214,Anticongelante,Denso,coolant,Renault,,2017,W6135,,COP 16887,13,
SKU-0233,TRW Air Filt Chevrolet Aveo 2009,TRW,,Chevrolet,Aveo,2009,,,COP 53615,47,
SKU-0814,shock Rio 2015,Monroe,,Kia,Rio,2015,1663097,,35552,,reemplazado por SKU-0813
SKU-0319,Bateria 12V Chevrolet Spark 2018 NGK,NGK,,Chevrolet,Spark,2018,5359782,,$ 118674,34,
B-0123,Kit de Croche Mazda 3 2014 Generic,Generic,,,3,,,,$22.269,45,
P00705,Brake Fluid Fram,,brake_fluid,Chevrolet,Aveo,,6617527,,21601,0,
C-0359,BUJIA FZ16 2015 OEM,OEM,,Yamaha,,2015,6747019,,COP 51077,0,
SKU-0416,NGK Coolant,NGK,coolant,Kia,,,,,22850,few,
SKU-0055,Purflux Lubricante Motor 10W-40,Purflux,engine_oil,,Rio,,94283-40447,,118158,60,
P00562,Liquido Refrigerante TRW,TRW,coolant,,Versa,2016,95958-70279,,32476,28,
SKU-0118,Foco H-7 Renault Duster 2021 Mann,Mann,bulb,Renault,Duster,,90414-61809,,318594,few,
REF0381,foco H1 NMAX OEM,OEM,bulb,Yamaha,,,OEM 88736,,COP 15384,31,
SKU-0842,Brake Pads Corolla 2015 (rear),Generic,,,,,4899049,,7565.00,57,ojo: variante
P00360,Fuel Filter Hyundai Accent 2012 Hengst,Hengst,fuel_filter,Hyundai,Accent,2012,1586835,,$ 10337,21,
SKU-0486,SKF Air Filter NKD125 2017,SKF,air_filter,AKT,NKD125,,5842218,,11387,13,
SKU-0401,BRAKE DISC Sail 2015 Champion,Champion,brake_disc,Chevrolet,Sail,,A7246,,86299,1,
SKU-0811,TRW Bombillo Halogeno H1 Volkswagen Gol 2011,TRW,bulb,Volkswagen,Gol,2011,OEM 58234,,$66.712,16,
SKU-0377,TRW BEARING,TRW,wheel_bearing,Toyota,Hilux,2020,OEM 97456,,22212,11,
SKU-0460,Fram Correa Unica 3,Fram,serpentine_belt,Mazda,3,,A4453,,$ 45737,34,
SKU-0579,Valeo DOT4,Valeo,,Chevrolet,Sail,2017,W6229,,29237,agotado,
REF0537,Correa de Accesorios Renault Sandero 2017 Bosch,Bosch,serpentine_belt,,Sandero,,W5471,,$15.234,37,
SKU-0131,PASTILLAS DE FRENO FZ16,Brembo,,Yamaha,FZ16,2019,93116-86460,,12395,30,
B-0200,Bombilla H4 FZ16 2015,TRW,,Yamaha,FZ16,2015,W4939,,66493,59,
SKU-0625,Brembo Oil Filt. Aveo 2009,Brembo,oil_filter,Chevrolet,Aveo,2009,,,$165.854,,
SKU-0068,Drive Chain Boxer,Hengst,chain,,,2015,S4702,,321947,54,
P00484,Filtro de gasolina Nissan Versa 2014 OEM,OEM,fuel_filter,Nissan,,2014,,,$ 13700,,
SKU-0672,Filtro Aire Renault Sandero 2013 Monroe,Monroe,air_filter,Renault,Sandero,2013,9942021,,21382,agotado,
REF0704,Fram Wiper Blade Renault Duster,Fram,wiper,Renault,,2019,OEM 53326,,44607.00,few,
SKU-0134,A.Filter Yaris 2017 Purflux,Purflux,air_filter,Toyota,,2017,3197988,,7139,54,
SKU-0139,Pastillas de Freno Gates,Gates,brake_pad,,CB125,2020,1944125,,$ 10622,,
SKU-0346,BATERIA Honda CB125 2016 Wix,Wix,battery,Honda,,,OEM 79434,,COP 6609,39,
SKU-0767,lampara 9006 NKD125 2019 Gates,,,AKT,NKD125,2019,,,$ 9387,35,
REF0393,Foco 9005 Toyota Hilux 2020,Purflux,bulb,Toyota,,2020,OEM 76355,,321500,51,
SKU-0568,Pinon Salida Boxer,Monroe,,Bajaj,Boxer,2013,5689666,,46138,10,
REF0169,PLUMILLA Gates,Gates,wiper,,Hilux,2018,W9917,,$8.223,6,
REF0142,Spark Plug Yamaha FZ16 2017 Valeo,Valeo,,,FZ16,,7881471,,164100,27,
SKU-0464,Mahle Filtro Ac. Volkswagen Gol 2014,Mahle,oil_filter,Volkswagen,Gol,2014,B1496,,121306,31,
B-0608,Bujia de encendido Honda XR150 2018 Mann,Mann,spark_plug,Honda,XR150,,2933255,,9313,58,
REF0753,BUJIAS Toyota Hilux 2020 Fram,Fram,spark_plug,,Hilux,2020,,,COP 238674,21,
C-0298,Monroe Bombilla H11 Yamaha FZ16 2017,Monroe,,Yamaha,FZ16,2017,93123-49803,,34753,52,
SKU-0788,Correa de Accesorios Boxer 2015 Brembo,Brembo,serpentine_belt,Bajaj,,2015,,,$43.188,45,rev
REF0640,Generic Bombilla H4,,bulb,,Logan,2018,A4500,,10736,53,
SKU-0520,Filtro Aceite NKD125 2019 Monroe,Monroe,oil_filter,AKT,NKD125,,B8362,,22386,agotado,
SKU-0580,Bombilla H11 FZ16 2015 Champion,Champion,,Yamaha,FZ16,2015,OEM 59109,,$164.612,agotado,
REF0337,Bujia de encendido Mazda 3 2014,Purflux,spark_plug,,3,,90402-61190,,$69.422,54,
SKU-0121,Bombillo Halogeno H1 Brembo,Brembo,,,,2014,,,$46.978,10,
REF0612,Fuel Filter 2 Dayco,Dayco,fuel_filter,,2,2017,B3615,,44043,26,
SKU-0597,Bateria 12V Toyota Hilux 2015 Champion,Champion,battery,Toyota,,2015,A1273,,$83.082,1,
P00151,FILTRO DE AIRE Kia Rio Hengst,,air_filter,Kia,Rio,2015,5682687,,$ 45092,20,
B-0557,Wix Air Filter Yamaha NMAX 2018,Wix,air_filter,Yamaha,NMAX,,5937755,,120810,,
P00489,FOCO H4 12V 60/55W Mazda 3 2014 TRW,TRW,,Mazda,3,2014,,,$68.249,,
REF0747,Denso Filtro Aceite Mazda 3 2014,Denso,,Mazda,3,,,,$ 32047,24,
SKU-0491,Amortiguador Delantero Toyota Hilux 2012,Brembo,,Toyota,Hilux,,1653934,,COP 29050,7,
C-0299,Lampara H4 AKT NKD125 2019,Champion,bulb,,NKD125,2019,OEM 72608,,84458.00,25,
REF0830,Chain Kit GN125 2018 Fram,Fram,,,GN125,2018,91976-82760,SKU-0829,$ 83596,26,descontinuado
SKU-0590,Disco Accent 2014,Valeo,,Hyundai,Accent,2014,93830-61494,,COP 241973,28,
REF0809,Monroe coolant concentrate,,coolant,Renault,,,B9011,,241877,14,
SKU-0604,Filtro Aire Brembo,Brembo,air_filter,Hyundai,Accent,2019,97029-95009,,$318.200,42,
C-0288,Foco H4 12V 60/55W Mann,Mann,,Chevrolet,Aveo,2011,A7507,,COP 320243,21,
SKU-0115,Bombillo Halogeno H4 12V 60/55W Accent,Generic,bulb,Hyundai,,,W5090,,7188,13,
SKU-0148,Bujia de encendido,TRW,spark_plug,Chevrolet,Aveo,,S3121,,$ 83784,38,
P00287,Filtro de aceite motor Brembo,Brembo,oil_filter,Kia,Rio,,W4900,,164561.00,46,
SKU-0361,Bujia de encendido Toyota Yaris 2014 Purflux,Purflux,spark_plug,,Yaris,,,,52131.00,3,
P00311,HEADLIGHT BULB 9006 NMAX 2020,NGK,bulb,Yamaha,NMAX,2020,,,83219,27,
SKU-0826,F.Filter Mazda 3,Purflux,fuel_filter,,3,2016,9628708,A-0825,$ 320972,40,descontinuado
A-0231,Filtro Aire Motor Aveo Sachs,Sachs,air_filter,Chevrolet,Aveo,2011,,,$35.931,40,
M-0595,PASTILLAS Renault Logan 2012 Sachs,Sachs,brake_pad,,,,OEM 21458,,$32.664,16,
B-0654,Rotor Mazda 2 2019 Mann,Mann,brake_disc,Mazda,2,2019,OEM 68682,,COP 119244,agotado,
M-0733,Bombillo Halogeno H4 XR150,,bulb,Honda,XR150,,OEM 70866,,$46.709,few,
REF0513,Battery Honda XR150 2020 Brembo,,battery,Honda,XR150,2020,OEM 86827,,45473,48,
SKU-0339,Mann Coolant,Mann,coolant,Toyota,Yaris,2017,OEM 86153,,16068.00,1,
P00587,Filtro de Combustible Kia Rio 2020,NGK,,,,,,,$ 22582,agotado,
A-0825,Filtro de gasolina 3 2012 Dayco,Dayco,fuel_filter,,3,2012,5980797,,$166.972,35,
REF0052,Disco Freno,SKF,brake_disc,,Hilux,2020,,,$ 67491,agotado,
P00035,Aceite de Motor SAE 5W-30 4L,NGK,engine_oil,Yamaha,NMAX,,OEM 29186,,43222,10,
M-0848,Filtro de Aire Logan 1.6 (gasolina/GLP),Denso,,,,,90446-93487,,318266.00,60,ojo: variante
REF0442,air filt Valeo,Valeo,air_filter,,FZ16,,S9247,,28941,5,
P00369,Filtro de gasolina Gol 2011,,fuel_filter,Volkswagen,,2011,3470937,,$163.769,52,
SKU-0474,Brake Disc Sandero Dayco,Dayco,brake_disc,,Sandero,,OEM 81804,,$17.677,15,
REF0143,pastillas Monroe,Monroe,brake_pad,Mazda,2,,91422-91373,,$ 238137,,
P00088,Denso BATERIA Boxer 2015,Denso,battery,Bajaj,Boxer,2015,94223-36426,,$ 33769,60,
SKU-0789,TRW Wiper Blade Corolla,TRW,wiper,Toyota,Corolla,2017,98938-66637,,$164.293,agotado,
SKU-0775,Bosch LIQ. FRENOS,Bosch,,,CB125,2020,92987-26781,,$32.403,few,rev
SKU-0176,Battery Spark Dayco,,battery,,Spark,,,,$85.272,,
SKU-0503,Engine Oil 10W40 Dayco,Dayco,,Hyundai,Accent,2014,OEM 61566,,$119.574,19,
SKU-0310,filtro de aire Bajaj Boxer 2015 Champion,Champion,air_filter,Bajaj,Boxer,2015,B8598,,239926,53,
P00793,Liquido Frenos,SKF,brake_fluid,AKT,NKD125,,95565-52228,,$26.569,34,
B-0728,Gates COOLANT,Gates,,Renault,Duster,2016,OEM 93122,,$11.257,47,
SKU-0217,DOT4 Gates,Gates,,Hyundai,Accent,,98157-16886,,$23.522,52,
SKU-0757,Correa de Accesorios Spark OEM,OEM,serpentine_belt,Chevrolet,Spark,2018,W9731,,121922,34,
SKU-0398,Wiper Blade Toyota Corolla 2013,Generic,wiper,Toyota,Corolla,2013,3907651,,$ 119197,57,
REF0163,FILTRO COMBUSTIBLE Logan Mahle,Mahle,fuel_filter,,Logan,2016,97637-99141,,$83.674,51,
SKU-0413,LIQ. FRENOS Wix,,brake_fluid,,Logan,2018,98931-86288,,11994.00,45,
P00591,Shock Volkswagen Gol Wix,,shock,Volkswagen,Gol,2014,90635-82796,,45238,19,
B-0081,Valeo Bujía CB125 2020,Valeo,,Honda,CB125,2020,OEM 11228,,$239.576,agotado,
SKU-0303,Amortiguador Nissan Versa 2019,Mann,shock,,Versa,2019,9290411,,52043,agotado,
REF0313,Correa de tiempo Hyundai Accent 2019,,timing_belt,Hyundai,Accent,2019,A7957,,163883,43,
REF0511,Bulb H1 AKT NKD125 2015 Wix,Wix,,AKT,NKD125,2015,S2788,,86826,14,
SKU-0437,Spark Plug Gol Champion,Champion,spark_plug,,Gol,2014,5513049,,52954,32,
P00577,Dayco Pastilllas Freno NMAX,,,Yamaha,NMAX,2022,98479-26981,,69625,,
SKU-0073,DOT4 Boxer,Mann,brake_fluid,Bajaj,Boxer,2017,W8130,,33730,,
REF0739,O.Filter Bajaj Boxer 2015,Sachs,,Bajaj,Boxer,2015,93530-64638,,318569.00,4,
SKU-0567,F.Filter Toyota Hilux 2018,Generic,fuel_filter,Toyota,Hilux,2018,93419-85535,,$164.051,46,
SKU-0290,Limpiaparabrisas Nissan Versa 2014 Wix,Wix,wiper,,Versa,2014,B1333,,121576,50,
P00368,Wiper Blade Sandero 2017 Dayco,Dayco,wiper,Renault,Sandero,2017,9442440,,20035.00,47,
SKU-0093,Valeo Fluido de Frenos,Valeo,,Honda,XR150,2016,91999-25930,,46622,56,
REF0085,DISCO DE FRENO Mazda 3 2014 Champion,Champion,,Mazda,3,2014,,,6913,13,
REF0385,Brake Pads Chevrolet Sail,,brake_pad,,,2015,B5322,,9354,6,
SKU-0197,Engine Oil 15W-40 Sintetico Versa,NGK,engine_oil,,Versa,2014,3634287,,COP 9070,2,
SKU-0152,OEM Cadena de Transmision AKT NKD125 2017,OEM,chain,AKT,NKD125,,OEM 97017,,9487,27,
A-0209,Mann Shock Honda XR150 2020,Mann,,Honda,XR150,2020,,,$ 83787,few,
SKU-1001,Oil Filter Toyota Corolla 2015,Bosch,,Toyota,Corolla,2015,90915-YZZD4,,18500,34,
SKU-1002,Filtro de Aceite Corolla 2016 Mann,Mann,oil_filter,Toyota,Corolla,2016,90915-YZZD4,,19000,60,
SKU-1003,Filtro de Aire Corolla 2015,Fram,,Toyota,Corolla,2015,,,22000,28,
SKU-1004,Air Filter Corolla 2015 (premium),Mann,air_filter,Toyota,Corolla,2015,,,41000,12,
SKU-1010,Pastillas de Freno Renault Duster 2016,TRW,brake_pad,Renault,Duster,2016,,,68000,22,
SKU-1011,Amortiguador Duster Delantero,Monroe,shock,Renault,Duster,,,,145000,8,front
SKU-1012,Amortiguador Duster Trasero,Monroe,shock,Renault,Duster,,,,132000,6,rear
SKU-1020,Clutch Kit Nissan Versa 2016 (NEW),Sachs,clutch_kit,Nissan,Versa,2016,,,320000,5,reemplaza ref antigua
SKU-1021,Kit de Embrague Versa,Valeo,clutch_kit,Nissan,Versa,2014,,SKU-1020,290000,0,descontinuado
SKU-1030,Rodamiento de Rueda Delantera Logan 2014,SKF,wheel_bearing,Renault,Logan,2014,,,52000,18,front
SKU-1040,Bujia NGK CB125 standard,NGK,spark_plug,Honda,CB125,2020,CR8E,,12000,40,CR8E
SKU-1041,Bujia NGK CB125 iridium,NGK,spark_plug,Honda,CB125,2020,CR8EIX,,34000,15,iridium
SKU-1050,Aceite Motor 15W-40 Diesel Hilux x6L,OEM,engine_oil,Toyota,Hilux,2018,,,165000,20,"diesel, capacidad ~6.5L"
SKU-1051,Engine Oil 5W-30 Synthetic x4L,Bosch,engine_oil,,,,,,120000,30,gasolina
SKU-1060,Refrigerante Verde Concentrado x1L,Gates,coolant,,,,,,28000,45,concentrado
SKU-1061,Coolant Pre-mixed Green x1G,Gates,coolant,,,,,,52000,20,listo para usar
SKU-1070,Filtro de Aceite Chevrolet Spark 2015,Wix,oil_filter,Chevrolet,Spark,2015,,,16000,33,
SKU-1071,Air Filter Spark 2015,Fram,air_filter,Chevrolet,Spark,2015,,,19000,27,
SKU-1072,Bujia Spark 2015 (juego x4),NGK,spark_plug,Chevrolet,Spark,2015,,,38000,19,set de 4
SKU-1080,Disco Freno Mazda 3 2016 ventilado (delantero),Brembo,brake_disc,Mazda,3,2016,,,98000,10,ventilado
SKU-1081,Disco Freno Mazda 3 2016 solido (trasero),Brembo,brake_disc,Mazda,3,2016,,,82000,9,solido
SKU-1090,Bateria Bajaj Pulsar 2016,Bosch,battery,Bajaj,Pulsar,2016,,,95000,12,
SKU-1091,Bujia NGK CB125,NGK,spark_plug,Honda,CB125,,CR8E,,12000,2,stock bajo
SKU-1092,Kit Cadena y Piñon Bajaj Pulsar 2016,Dayco,sprocket,Bajaj,Pulsar,2016,,,135000,agotado,kit arrastre
